country,ai_exposure,level,yoy_hiring_rate_pct,period,method,iso3,region,mock
France,Augmented,Entry,-23.0,2026-04/2026-06,vector,FRA,EU27,0
France,Augmented,Overall,-12.6,2026-04/2026-06,vector,FRA,EU27,0
France,Disrupted,Entry,-20.5,2026-04/2026-06,vector,FRA,EU27,0
France,Disrupted,Overall,-21.5,2026-04/2026-06,vector,FRA,EU27,0
France,Insulated,Entry,-24.5,2026-04/2026-06,vector,FRA,EU27,0
France,Insulated,Overall,-23.6,2026-04/2026-06,vector,FRA,EU27,0
Germany,Augmented,Entry,-26.8,2026-04/2026-06,vector,DEU,EU27,0
Germany,Augmented,Overall,-18.5,2026-04/2026-06,vector,DEU,EU27,0
Germany,Disrupted,Entry,-17.8,2026-04/2026-06,vector,DEU,EU27,0
Germany,Disrupted,Overall,-20.9,2026-04/2026-06,vector,DEU,EU27,0
Germany,Insulated,Entry,-22.1,2026-04/2026-06,vector,DEU,EU27,0
Germany,Insulated,Overall,-20.3,2026-04/2026-06,vector,DEU,EU27,0
India,Augmented,Entry,-21.5,2026-04/2026-06,vector,IND,Asia-Pacific,0
India,Augmented,Overall,-14.1,2026-04/2026-06,vector,IND,Asia-Pacific,0
India,Disrupted,Entry,-12.8,2026-04/2026-06,vector,IND,Asia-Pacific,0
India,Disrupted,Overall,-13.9,2026-04/2026-06,vector,IND,Asia-Pacific,0
India,Insulated,Entry,-16.0,2026-04/2026-06,vector,IND,Asia-Pacific,0
India,Insulated,Overall,-17.6,2026-04/2026-06,vector,IND,Asia-Pacific,0
United Kingdom,Augmented,Entry,-17.3,2026-04/2026-06,vector,GBR,Europe (non-EU),0
United Kingdom,Augmented,Overall,-10.1,2026-04/2026-06,vector,GBR,Europe (non-EU),0
United Kingdom,Disrupted,Entry,-17.7,2026-04/2026-06,vector,GBR,Europe (non-EU),0
United Kingdom,Disrupted,Overall,-16.6,2026-04/2026-06,vector,GBR,Europe (non-EU),0
United Kingdom,Insulated,Entry,-18.2,2026-04/2026-06,vector,GBR,Europe (non-EU),0
United Kingdom,Insulated,Overall,-19.1,2026-04/2026-06,vector,GBR,Europe (non-EU),0
United States,Augmented,Entry,-9.6,2026-04/2026-06,vector,USA,Americas,0
United States,Augmented,Overall,-6.5,2026-04/2026-06,vector,USA,Americas,0
United States,Disrupted,Entry,-9.5,2026-04/2026-06,vector,USA,Americas,0
United States,Disrupted,Overall,-8.7,2026-04/2026-06,vector,USA,Americas,0
United States,Insulated,Entry,-13.5,2026-04/2026-06,vector,USA,Americas,0
United States,Insulated,Overall,-12.7,2026-04/2026-06,vector,USA,Americas,0
Spain,Augmented,Entry,-19.6,2026-04/2026-06,mock,ESP,EU27,1
Spain,Augmented,Overall,-16.6,2026-04/2026-06,mock,ESP,EU27,1
Spain,Disrupted,Entry,-21.0,2026-04/2026-06,mock,ESP,EU27,1
Spain,Disrupted,Overall,-20.1,2026-04/2026-06,mock,ESP,EU27,1
Spain,Insulated,Entry,-23.5,2026-04/2026-06,mock,ESP,EU27,1
Spain,Insulated,Overall,-24.4,2026-04/2026-06,mock,ESP,EU27,1
Italy,Augmented,Entry,-13.4,2026-04/2026-06,mock,ITA,EU27,1
Italy,Augmented,Overall,-9.0,2026-04/2026-06,mock,ITA,EU27,1
Italy,Disrupted,Entry,-9.1,2026-04/2026-06,mock,ITA,EU27,1
Italy,Disrupted,Overall,-10.8,2026-04/2026-06,mock,ITA,EU27,1
Italy,Insulated,Entry,-13.6,2026-04/2026-06,mock,ITA,EU27,1
Italy,Insulated,Overall,-12.0,2026-04/2026-06,mock,ITA,EU27,1
Netherlands,Augmented,Entry,-29.1,2026-04/2026-06,mock,NLD,EU27,1
Netherlands,Augmented,Overall,-20.3,2026-04/2026-06,mock,NLD,EU27,1
Netherlands,Disrupted,Entry,-20.1,2026-04/2026-06,mock,NLD,EU27,1
Netherlands,Disrupted,Overall,-20.9,2026-04/2026-06,mock,NLD,EU27,1
Netherlands,Insulated,Entry,-24.6,2026-04/2026-06,mock,NLD,EU27,1
Netherlands,Insulated,Overall,-23.1,2026-04/2026-06,mock,NLD,EU27,1
Belgium,Augmented,Entry,-14.8,2026-04/2026-06,mock,BEL,EU27,1
Belgium,Augmented,Overall,-11.1,2026-04/2026-06,mock,BEL,EU27,1
Belgium,Disrupted,Entry,-16.8,2026-04/2026-06,mock,BEL,EU27,1
Belgium,Disrupted,Overall,-16.0,2026-04/2026-06,mock,BEL,EU27,1
Belgium,Insulated,Entry,-19.4,2026-04/2026-06,mock,BEL,EU27,1
Belgium,Insulated,Overall,-16.5,2026-04/2026-06,mock,BEL,EU27,1
Sweden,Augmented,Entry,-11.0,2026-04/2026-06,mock,SWE,EU27,1
Sweden,Augmented,Overall,-9.1,2026-04/2026-06,mock,SWE,EU27,1
Sweden,Disrupted,Entry,-13.3,2026-04/2026-06,mock,SWE,EU27,1
Sweden,Disrupted,Overall,-11.7,2026-04/2026-06,mock,SWE,EU27,1
Sweden,Insulated,Entry,-10.5,2026-04/2026-06,mock,SWE,EU27,1
Sweden,Insulated,Overall,-10.8,2026-04/2026-06,mock,SWE,EU27,1
Poland,Augmented,Entry,-20.5,2026-04/2026-06,mock,POL,EU27,1
Poland,Augmented,Overall,-13.2,2026-04/2026-06,mock,POL,EU27,1
Poland,Disrupted,Entry,-16.0,2026-04/2026-06,mock,POL,EU27,1
Poland,Disrupted,Overall,-16.8,2026-04/2026-06,mock,POL,EU27,1
Poland,Insulated,Entry,-18.5,2026-04/2026-06,mock,POL,EU27,1
Poland,Insulated,Overall,-17.1,2026-04/2026-06,mock,POL,EU27,1
Ireland,Augmented,Entry,-21.6,2026-04/2026-06,mock,IRL,EU27,1
Ireland,Augmented,Overall,-13.2,2026-04/2026-06,mock,IRL,EU27,1
Ireland,Disrupted,Entry,-18.5,2026-04/2026-06,mock,IRL,EU27,1
Ireland,Disrupted,Overall,-18.3,2026-04/2026-06,mock,IRL,EU27,1
Ireland,Insulated,Entry,-24.7,2026-04/2026-06,mock,IRL,EU27,1
Ireland,Insulated,Overall,-23.1,2026-04/2026-06,mock,IRL,EU27,1
Portugal,Augmented,Entry,-18.8,2026-04/2026-06,mock,PRT,EU27,1
Portugal,Augmented,Overall,-11.1,2026-04/2026-06,mock,PRT,EU27,1
Portugal,Disrupted,Entry,-14.2,2026-04/2026-06,mock,PRT,EU27,1
Portugal,Disrupted,Overall,-12.7,2026-04/2026-06,mock,PRT,EU27,1
Portugal,Insulated,Entry,-19.5,2026-04/2026-06,mock,PRT,EU27,1
Portugal,Insulated,Overall,-17.6,2026-04/2026-06,mock,PRT,EU27,1
Denmark,Augmented,Entry,-12.3,2026-04/2026-06,mock,DNK,EU27,1
Denmark,Augmented,Overall,-7.1,2026-04/2026-06,mock,DNK,EU27,1
Denmark,Disrupted,Entry,-7.5,2026-04/2026-06,mock,DNK,EU27,1
Denmark,Disrupted,Overall,-8.0,2026-04/2026-06,mock,DNK,EU27,1
Denmark,Insulated,Entry,-12.0,2026-04/2026-06,mock,DNK,EU27,1
Denmark,Insulated,Overall,-10.9,2026-04/2026-06,mock,DNK,EU27,1
Austria,Augmented,Entry,-10.8,2026-04/2026-06,mock,AUT,EU27,1
Austria,Augmented,Overall,-11.6,2026-04/2026-06,mock,AUT,EU27,1
Austria,Disrupted,Entry,-16.7,2026-04/2026-06,mock,AUT,EU27,1
Austria,Disrupted,Overall,-16.0,2026-04/2026-06,mock,AUT,EU27,1
Austria,Insulated,Entry,-16.6,2026-04/2026-06,mock,AUT,EU27,1
Austria,Insulated,Overall,-16.3,2026-04/2026-06,mock,AUT,EU27,1
Finland,Augmented,Entry,-25.1,2026-04/2026-06,mock,FIN,EU27,1
Finland,Augmented,Overall,-19.6,2026-04/2026-06,mock,FIN,EU27,1
Finland,Disrupted,Entry,-19.8,2026-04/2026-06,mock,FIN,EU27,1
Finland,Disrupted,Overall,-20.6,2026-04/2026-06,mock,FIN,EU27,1
Finland,Insulated,Entry,-25.4,2026-04/2026-06,mock,FIN,EU27,1
Finland,Insulated,Overall,-24.5,2026-04/2026-06,mock,FIN,EU27,1
Czechia,Augmented,Entry,-20.0,2026-04/2026-06,mock,CZE,EU27,1
Czechia,Augmented,Overall,-10.1,2026-04/2026-06,mock,CZE,EU27,1
Czechia,Disrupted,Entry,-11.4,2026-04/2026-06,mock,CZE,EU27,1
Czechia,Disrupted,Overall,-10.3,2026-04/2026-06,mock,CZE,EU27,1
Czechia,Insulated,Entry,-6.1,2026-04/2026-06,mock,CZE,EU27,1
Czechia,Insulated,Overall,-6.8,2026-04/2026-06,mock,CZE,EU27,1
Romania,Augmented,Entry,-21.8,2026-04/2026-06,mock,ROU,EU27,1
Romania,Augmented,Overall,-12.0,2026-04/2026-06,mock,ROU,EU27,1
Romania,Disrupted,Entry,-16.7,2026-04/2026-06,mock,ROU,EU27,1
Romania,Disrupted,Overall,-15.6,2026-04/2026-06,mock,ROU,EU27,1
Romania,Insulated,Entry,-13.1,2026-04/2026-06,mock,ROU,EU27,1
Romania,Insulated,Overall,-13.7,2026-04/2026-06,mock,ROU,EU27,1
Greece,Augmented,Entry,-18.7,2026-04/2026-06,mock,GRC,EU27,1
Greece,Augmented,Overall,-16.0,2026-04/2026-06,mock,GRC,EU27,1
Greece,Disrupted,Entry,-18.3,2026-04/2026-06,mock,GRC,EU27,1
Greece,Disrupted,Overall,-20.1,2026-04/2026-06,mock,GRC,EU27,1
Greece,Insulated,Entry,-21.7,2026-04/2026-06,mock,GRC,EU27,1
Greece,Insulated,Overall,-22.9,2026-04/2026-06,mock,GRC,EU27,1
Hungary,Augmented,Entry,-12.5,2026-04/2026-06,mock,HUN,EU27,1
Hungary,Augmented,Overall,-6.9,2026-04/2026-06,mock,HUN,EU27,1
Hungary,Disrupted,Entry,-12.4,2026-04/2026-06,mock,HUN,EU27,1
Hungary,Disrupted,Overall,-13.8,2026-04/2026-06,mock,HUN,EU27,1
Hungary,Insulated,Entry,-11.5,2026-04/2026-06,mock,HUN,EU27,1
Hungary,Insulated,Overall,-11.3,2026-04/2026-06,mock,HUN,EU27,1
Bulgaria,Augmented,Entry,-18.7,2026-04/2026-06,mock,BGR,EU27,1
Bulgaria,Augmented,Overall,-11.8,2026-04/2026-06,mock,BGR,EU27,1
Bulgaria,Disrupted,Entry,-15.2,2026-04/2026-06,mock,BGR,EU27,1
Bulgaria,Disrupted,Overall,-15.8,2026-04/2026-06,mock,BGR,EU27,1
Bulgaria,Insulated,Entry,-15.1,2026-04/2026-06,mock,BGR,EU27,1
Bulgaria,Insulated,Overall,-15.4,2026-04/2026-06,mock,BGR,EU27,1
Croatia,Augmented,Entry,-12.2,2026-04/2026-06,mock,HRV,EU27,1
Croatia,Augmented,Overall,-6.8,2026-04/2026-06,mock,HRV,EU27,1
Croatia,Disrupted,Entry,-13.5,2026-04/2026-06,mock,HRV,EU27,1
Croatia,Disrupted,Overall,-12.1,2026-04/2026-06,mock,HRV,EU27,1
Croatia,Insulated,Entry,-12.1,2026-04/2026-06,mock,HRV,EU27,1
Croatia,Insulated,Overall,-11.2,2026-04/2026-06,mock,HRV,EU27,1
Slovakia,Augmented,Entry,-21.9,2026-04/2026-06,mock,SVK,EU27,1
Slovakia,Augmented,Overall,-17.9,2026-04/2026-06,mock,SVK,EU27,1
Slovakia,Disrupted,Entry,-20.0,2026-04/2026-06,mock,SVK,EU27,1
Slovakia,Disrupted,Overall,-21.3,2026-04/2026-06,mock,SVK,EU27,1
Slovakia,Insulated,Entry,-27.4,2026-04/2026-06,mock,SVK,EU27,1
Slovakia,Insulated,Overall,-23.6,2026-04/2026-06,mock,SVK,EU27,1
Lithuania,Augmented,Entry,-13.9,2026-04/2026-06,mock,LTU,EU27,1
Lithuania,Augmented,Overall,-8.8,2026-04/2026-06,mock,LTU,EU27,1
Lithuania,Disrupted,Entry,-9.5,2026-04/2026-06,mock,LTU,EU27,1
Lithuania,Disrupted,Overall,-10.7,2026-04/2026-06,mock,LTU,EU27,1
Lithuania,Insulated,Entry,-13.6,2026-04/2026-06,mock,LTU,EU27,1
Lithuania,Insulated,Overall,-13.9,2026-04/2026-06,mock,LTU,EU27,1
Estonia,Augmented,Entry,-25.9,2026-04/2026-06,mock,EST,EU27,1
Estonia,Augmented,Overall,-15.8,2026-04/2026-06,mock,EST,EU27,1
Estonia,Disrupted,Entry,-18.8,2026-04/2026-06,mock,EST,EU27,1
Estonia,Disrupted,Overall,-18.5,2026-04/2026-06,mock,EST,EU27,1
Estonia,Insulated,Entry,-18.2,2026-04/2026-06,mock,EST,EU27,1
Estonia,Insulated,Overall,-19.4,2026-04/2026-06,mock,EST,EU27,1
Switzerland,Augmented,Entry,-16.4,2026-04/2026-06,mock,CHE,Europe (non-EU),1
Switzerland,Augmented,Overall,-14.6,2026-04/2026-06,mock,CHE,Europe (non-EU),1
Switzerland,Disrupted,Entry,-17.2,2026-04/2026-06,mock,CHE,Europe (non-EU),1
Switzerland,Disrupted,Overall,-18.3,2026-04/2026-06,mock,CHE,Europe (non-EU),1
Switzerland,Insulated,Entry,-15.5,2026-04/2026-06,mock,CHE,Europe (non-EU),1
Switzerland,Insulated,Overall,-16.1,2026-04/2026-06,mock,CHE,Europe (non-EU),1
Norway,Augmented,Entry,-19.8,2026-04/2026-06,mock,NOR,Europe (non-EU),1
Norway,Augmented,Overall,-14.9,2026-04/2026-06,mock,NOR,Europe (non-EU),1
Norway,Disrupted,Entry,-15.5,2026-04/2026-06,mock,NOR,Europe (non-EU),1
Norway,Disrupted,Overall,-15.9,2026-04/2026-06,mock,NOR,Europe (non-EU),1
Norway,Insulated,Entry,-18.2,2026-04/2026-06,mock,NOR,Europe (non-EU),1
Norway,Insulated,Overall,-18.9,2026-04/2026-06,mock,NOR,Europe (non-EU),1
Turkey,Augmented,Entry,-18.5,2026-04/2026-06,mock,TUR,Europe (non-EU),1
Turkey,Augmented,Overall,-11.8,2026-04/2026-06,mock,TUR,Europe (non-EU),1
Turkey,Disrupted,Entry,-15.5,2026-04/2026-06,mock,TUR,Europe (non-EU),1
Turkey,Disrupted,Overall,-14.4,2026-04/2026-06,mock,TUR,Europe (non-EU),1
Turkey,Insulated,Entry,-16.8,2026-04/2026-06,mock,TUR,Europe (non-EU),1
Turkey,Insulated,Overall,-16.2,2026-04/2026-06,mock,TUR,Europe (non-EU),1
Canada,Augmented,Entry,-12.8,2026-04/2026-06,mock,CAN,Americas,1
Canada,Augmented,Overall,-7.5,2026-04/2026-06,mock,CAN,Americas,1
Canada,Disrupted,Entry,-11.8,2026-04/2026-06,mock,CAN,Americas,1
Canada,Disrupted,Overall,-11.9,2026-04/2026-06,mock,CAN,Americas,1
Canada,Insulated,Entry,-12.5,2026-04/2026-06,mock,CAN,Americas,1
Canada,Insulated,Overall,-12.9,2026-04/2026-06,mock,CAN,Americas,1
Mexico,Augmented,Entry,-18.6,2026-04/2026-06,mock,MEX,Americas,1
Mexico,Augmented,Overall,-10.5,2026-04/2026-06,mock,MEX,Americas,1
Mexico,Disrupted,Entry,-15.6,2026-04/2026-06,mock,MEX,Americas,1
Mexico,Disrupted,Overall,-15.4,2026-04/2026-06,mock,MEX,Americas,1
Mexico,Insulated,Entry,-12.1,2026-04/2026-06,mock,MEX,Americas,1
Mexico,Insulated,Overall,-13.1,2026-04/2026-06,mock,MEX,Americas,1
Brazil,Augmented,Entry,-20.9,2026-04/2026-06,mock,BRA,Americas,1
Brazil,Augmented,Overall,-17.4,2026-04/2026-06,mock,BRA,Americas,1
Brazil,Disrupted,Entry,-20.0,2026-04/2026-06,mock,BRA,Americas,1
Brazil,Disrupted,Overall,-20.6,2026-04/2026-06,mock,BRA,Americas,1
Brazil,Insulated,Entry,-22.9,2026-04/2026-06,mock,BRA,Americas,1
Brazil,Insulated,Overall,-22.2,2026-04/2026-06,mock,BRA,Americas,1
Argentina,Augmented,Entry,-10.2,2026-04/2026-06,mock,ARG,Americas,1
Argentina,Augmented,Overall,-9.2,2026-04/2026-06,mock,ARG,Americas,1
Argentina,Disrupted,Entry,-12.5,2026-04/2026-06,mock,ARG,Americas,1
Argentina,Disrupted,Overall,-14.0,2026-04/2026-06,mock,ARG,Americas,1
Argentina,Insulated,Entry,-16.2,2026-04/2026-06,mock,ARG,Americas,1
Argentina,Insulated,Overall,-14.5,2026-04/2026-06,mock,ARG,Americas,1
Chile,Augmented,Entry,-5.7,2026-04/2026-06,mock,CHL,Americas,1
Chile,Augmented,Overall,-1.0,2026-04/2026-06,mock,CHL,Americas,1
Chile,Disrupted,Entry,-4.9,2026-04/2026-06,mock,CHL,Americas,1
Chile,Disrupted,Overall,-3.9,2026-04/2026-06,mock,CHL,Americas,1
Chile,Insulated,Entry,-11.5,2026-04/2026-06,mock,CHL,Americas,1
Chile,Insulated,Overall,-9.9,2026-04/2026-06,mock,CHL,Americas,1
Colombia,Augmented,Entry,-20.6,2026-04/2026-06,mock,COL,Americas,1
Colombia,Augmented,Overall,-14.3,2026-04/2026-06,mock,COL,Americas,1
Colombia,Disrupted,Entry,-16.6,2026-04/2026-06,mock,COL,Americas,1
Colombia,Disrupted,Overall,-19.7,2026-04/2026-06,mock,COL,Americas,1
Colombia,Insulated,Entry,-19.3,2026-04/2026-06,mock,COL,Americas,1
Colombia,Insulated,Overall,-16.7,2026-04/2026-06,mock,COL,Americas,1
Peru,Augmented,Entry,-16.7,2026-04/2026-06,mock,PER,Americas,1
Peru,Augmented,Overall,-15.2,2026-04/2026-06,mock,PER,Americas,1
Peru,Disrupted,Entry,-15.7,2026-04/2026-06,mock,PER,Americas,1
Peru,Disrupted,Overall,-16.7,2026-04/2026-06,mock,PER,Americas,1
Peru,Insulated,Entry,-20.2,2026-04/2026-06,mock,PER,Americas,1
Peru,Insulated,Overall,-17.4,2026-04/2026-06,mock,PER,Americas,1
Australia,Augmented,Entry,-14.2,2026-04/2026-06,mock,AUS,Asia-Pacific,1
Australia,Augmented,Overall,-8.5,2026-04/2026-06,mock,AUS,Asia-Pacific,1
Australia,Disrupted,Entry,-15.1,2026-04/2026-06,mock,AUS,Asia-Pacific,1
Australia,Disrupted,Overall,-15.1,2026-04/2026-06,mock,AUS,Asia-Pacific,1
Australia,Insulated,Entry,-13.9,2026-04/2026-06,mock,AUS,Asia-Pacific,1
Australia,Insulated,Overall,-13.5,2026-04/2026-06,mock,AUS,Asia-Pacific,1
New Zealand,Augmented,Entry,-22.4,2026-04/2026-06,mock,NZL,Asia-Pacific,1
New Zealand,Augmented,Overall,-15.1,2026-04/2026-06,mock,NZL,Asia-Pacific,1
New Zealand,Disrupted,Entry,-20.4,2026-04/2026-06,mock,NZL,Asia-Pacific,1
New Zealand,Disrupted,Overall,-19.2,2026-04/2026-06,mock,NZL,Asia-Pacific,1
New Zealand,Insulated,Entry,-17.3,2026-04/2026-06,mock,NZL,Asia-Pacific,1
New Zealand,Insulated,Overall,-16.1,2026-04/2026-06,mock,NZL,Asia-Pacific,1
Japan,Augmented,Entry,-13.8,2026-04/2026-06,mock,JPN,Asia-Pacific,1
Japan,Augmented,Overall,-7.9,2026-04/2026-06,mock,JPN,Asia-Pacific,1
Japan,Disrupted,Entry,-8.5,2026-04/2026-06,mock,JPN,Asia-Pacific,1
Japan,Disrupted,Overall,-9.0,2026-04/2026-06,mock,JPN,Asia-Pacific,1
Japan,Insulated,Entry,-10.3,2026-04/2026-06,mock,JPN,Asia-Pacific,1
Japan,Insulated,Overall,-9.5,2026-04/2026-06,mock,JPN,Asia-Pacific,1
Singapore,Augmented,Entry,-15.7,2026-04/2026-06,mock,SGP,Asia-Pacific,1
Singapore,Augmented,Overall,-5.4,2026-04/2026-06,mock,SGP,Asia-Pacific,1
Singapore,Disrupted,Entry,-12.1,2026-04/2026-06,mock,SGP,Asia-Pacific,1
Singapore,Disrupted,Overall,-13.6,2026-04/2026-06,mock,SGP,Asia-Pacific,1
Singapore,Insulated,Entry,-16.3,2026-04/2026-06,mock,SGP,Asia-Pacific,1
Singapore,Insulated,Overall,-15.0,2026-04/2026-06,mock,SGP,Asia-Pacific,1
Indonesia,Augmented,Entry,-21.9,2026-04/2026-06,mock,IDN,Asia-Pacific,1
Indonesia,Augmented,Overall,-16.7,2026-04/2026-06,mock,IDN,Asia-Pacific,1
Indonesia,Disrupted,Entry,-17.7,2026-04/2026-06,mock,IDN,Asia-Pacific,1
Indonesia,Disrupted,Overall,-18.4,2026-04/2026-06,mock,IDN,Asia-Pacific,1
Indonesia,Insulated,Entry,-16.9,2026-04/2026-06,mock,IDN,Asia-Pacific,1
Indonesia,Insulated,Overall,-19.8,2026-04/2026-06,mock,IDN,Asia-Pacific,1
Philippines,Augmented,Entry,-11.1,2026-04/2026-06,mock,PHL,Asia-Pacific,1
Philippines,Augmented,Overall,-5.7,2026-04/2026-06,mock,PHL,Asia-Pacific,1
Philippines,Disrupted,Entry,-6.1,2026-04/2026-06,mock,PHL,Asia-Pacific,1
Philippines,Disrupted,Overall,-8.5,2026-04/2026-06,mock,PHL,Asia-Pacific,1
Philippines,Insulated,Entry,-11.9,2026-04/2026-06,mock,PHL,Asia-Pacific,1
Philippines,Insulated,Overall,-11.8,2026-04/2026-06,mock,PHL,Asia-Pacific,1
Malaysia,Augmented,Entry,-10.0,2026-04/2026-06,mock,MYS,Asia-Pacific,1
Malaysia,Augmented,Overall,-6.2,2026-04/2026-06,mock,MYS,Asia-Pacific,1
Malaysia,Disrupted,Entry,-3.5,2026-04/2026-06,mock,MYS,Asia-Pacific,1
Malaysia,Disrupted,Overall,-7.0,2026-04/2026-06,mock,MYS,Asia-Pacific,1
Malaysia,Insulated,Entry,-8.5,2026-04/2026-06,mock,MYS,Asia-Pacific,1
Malaysia,Insulated,Overall,-6.1,2026-04/2026-06,mock,MYS,Asia-Pacific,1
United Arab Emirates,Augmented,Entry,-16.6,2026-04/2026-06,mock,ARE,Middle East,1
United Arab Emirates,Augmented,Overall,-7.2,2026-04/2026-06,mock,ARE,Middle East,1
United Arab Emirates,Disrupted,Entry,-12.5,2026-04/2026-06,mock,ARE,Middle East,1
United Arab Emirates,Disrupted,Overall,-13.6,2026-04/2026-06,mock,ARE,Middle East,1
United Arab Emirates,Insulated,Entry,-10.4,2026-04/2026-06,mock,ARE,Middle East,1
United Arab Emirates,Insulated,Overall,-12.2,2026-04/2026-06,mock,ARE,Middle East,1
Saudi Arabia,Augmented,Entry,-20.7,2026-04/2026-06,mock,SAU,Middle East,1
Saudi Arabia,Augmented,Overall,-14.0,2026-04/2026-06,mock,SAU,Middle East,1
Saudi Arabia,Disrupted,Entry,-21.0,2026-04/2026-06,mock,SAU,Middle East,1
Saudi Arabia,Disrupted,Overall,-21.3,2026-04/2026-06,mock,SAU,Middle East,1
Saudi Arabia,Insulated,Entry,-23.7,2026-04/2026-06,mock,SAU,Middle East,1
Saudi Arabia,Insulated,Overall,-21.3,2026-04/2026-06,mock,SAU,Middle East,1
Israel,Augmented,Entry,-9.1,2026-04/2026-06,mock,ISR,Middle East,1
Israel,Augmented,Overall,-2.1,2026-04/2026-06,mock,ISR,Middle East,1
Israel,Disrupted,Entry,-4.3,2026-04/2026-06,mock,ISR,Middle East,1
Israel,Disrupted,Overall,-4.1,2026-04/2026-06,mock,ISR,Middle East,1
Israel,Insulated,Entry,-8.1,2026-04/2026-06,mock,ISR,Middle East,1
Israel,Insulated,Overall,-7.0,2026-04/2026-06,mock,ISR,Middle East,1
Qatar,Augmented,Entry,-10.6,2026-04/2026-06,mock,QAT,Middle East,1
Qatar,Augmented,Overall,-4.4,2026-04/2026-06,mock,QAT,Middle East,1
Qatar,Disrupted,Entry,-13.8,2026-04/2026-06,mock,QAT,Middle East,1
Qatar,Disrupted,Overall,-13.3,2026-04/2026-06,mock,QAT,Middle East,1
Qatar,Insulated,Entry,-15.2,2026-04/2026-06,mock,QAT,Middle East,1
Qatar,Insulated,Overall,-16.5,2026-04/2026-06,mock,QAT,Middle East,1
South Africa,Augmented,Entry,-17.0,2026-04/2026-06,mock,ZAF,Africa,1
South Africa,Augmented,Overall,-8.6,2026-04/2026-06,mock,ZAF,Africa,1
South Africa,Disrupted,Entry,-11.2,2026-04/2026-06,mock,ZAF,Africa,1
South Africa,Disrupted,Overall,-10.8,2026-04/2026-06,mock,ZAF,Africa,1
South Africa,Insulated,Entry,-12.0,2026-04/2026-06,mock,ZAF,Africa,1
South Africa,Insulated,Overall,-13.0,2026-04/2026-06,mock,ZAF,Africa,1
Nigeria,Augmented,Entry,-12.8,2026-04/2026-06,mock,NGA,Africa,1
Nigeria,Augmented,Overall,-8.0,2026-04/2026-06,mock,NGA,Africa,1
Nigeria,Disrupted,Entry,-9.8,2026-04/2026-06,mock,NGA,Africa,1
Nigeria,Disrupted,Overall,-12.8,2026-04/2026-06,mock,NGA,Africa,1
Nigeria,Insulated,Entry,-13.4,2026-04/2026-06,mock,NGA,Africa,1
Nigeria,Insulated,Overall,-15.2,2026-04/2026-06,mock,NGA,Africa,1
Egypt,Augmented,Entry,-13.3,2026-04/2026-06,mock,EGY,Africa,1
Egypt,Augmented,Overall,-3.5,2026-04/2026-06,mock,EGY,Africa,1
Egypt,Disrupted,Entry,-8.3,2026-04/2026-06,mock,EGY,Africa,1
Egypt,Disrupted,Overall,-7.8,2026-04/2026-06,mock,EGY,Africa,1
Egypt,Insulated,Entry,-7.5,2026-04/2026-06,mock,EGY,Africa,1
Egypt,Insulated,Overall,-5.4,2026-04/2026-06,mock,EGY,Africa,1
Kenya,Augmented,Entry,-20.4,2026-04/2026-06,mock,KEN,Africa,1
Kenya,Augmented,Overall,-5.7,2026-04/2026-06,mock,KEN,Africa,1
Kenya,Disrupted,Entry,-13.0,2026-04/2026-06,mock,KEN,Africa,1
Kenya,Disrupted,Overall,-10.8,2026-04/2026-06,mock,KEN,Africa,1
Kenya,Insulated,Entry,-9.0,2026-04/2026-06,mock,KEN,Africa,1
Kenya,Insulated,Overall,-9.3,2026-04/2026-06,mock,KEN,Africa,1
