country,level,yoy_hiring_rate_pct,period,method,iso3,region,mock
France,Entry,-18.8,2026-04/2026-06,vector,FRA,EU27,0
France,Overall,-17.4,2026-04/2026-06,vector,FRA,EU27,0
Germany,Entry,-18.9,2026-04/2026-06,vector,DEU,EU27,0
Germany,Overall,-17.5,2026-04/2026-06,vector,DEU,EU27,0
India,Entry,-12.5,2026-04/2026-06,vector,IND,Asia-Pacific,0
India,Overall,-10.5,2026-04/2026-06,vector,IND,Asia-Pacific,0
United Kingdom,Entry,-13.4,2026-04/2026-06,vector,GBR,Europe (non-EU),0
United Kingdom,Overall,-13.0,2026-04/2026-06,vector,GBR,Europe (non-EU),0
United States,Entry,-7.6,2026-04/2026-06,vector,USA,Americas,0
United States,Overall,-6.9,2026-04/2026-06,vector,USA,Americas,0
Spain,Entry,-21.1,2026-04/2026-06,mock,ESP,EU27,1
Spain,Overall,-20.0,2026-04/2026-06,mock,ESP,EU27,1
Italy,Entry,-14.7,2026-04/2026-06,mock,ITA,EU27,1
Italy,Overall,-11.1,2026-04/2026-06,mock,ITA,EU27,1
Netherlands,Entry,-21.8,2026-04/2026-06,mock,NLD,EU27,1
Netherlands,Overall,-19.1,2026-04/2026-06,mock,NLD,EU27,1
Belgium,Entry,-13.0,2026-04/2026-06,mock,BEL,EU27,1
Belgium,Overall,-12.6,2026-04/2026-06,mock,BEL,EU27,1
Sweden,Entry,-13.2,2026-04/2026-06,mock,SWE,EU27,1
Sweden,Overall,-10.9,2026-04/2026-06,mock,SWE,EU27,1
Poland,Entry,-15.3,2026-04/2026-06,mock,POL,EU27,1
Poland,Overall,-14.3,2026-04/2026-06,mock,POL,EU27,1
Ireland,Entry,-17.5,2026-04/2026-06,mock,IRL,EU27,1
Ireland,Overall,-16.1,2026-04/2026-06,mock,IRL,EU27,1
Portugal,Entry,-12.6,2026-04/2026-06,mock,PRT,EU27,1
Portugal,Overall,-12.0,2026-04/2026-06,mock,PRT,EU27,1
Denmark,Entry,-8.8,2026-04/2026-06,mock,DNK,EU27,1
Denmark,Overall,-6.7,2026-04/2026-06,mock,DNK,EU27,1
Austria,Entry,-15.9,2026-04/2026-06,mock,AUT,EU27,1
Austria,Overall,-14.0,2026-04/2026-06,mock,AUT,EU27,1
Finland,Entry,-21.0,2026-04/2026-06,mock,FIN,EU27,1
Finland,Overall,-19.5,2026-04/2026-06,mock,FIN,EU27,1
Czechia,Entry,-9.8,2026-04/2026-06,mock,CZE,EU27,1
Czechia,Overall,-7.9,2026-04/2026-06,mock,CZE,EU27,1
Romania,Entry,-15.5,2026-04/2026-06,mock,ROU,EU27,1
Romania,Overall,-14.9,2026-04/2026-06,mock,ROU,EU27,1
Greece,Entry,-17.2,2026-04/2026-06,mock,GRC,EU27,1
Greece,Overall,-16.2,2026-04/2026-06,mock,GRC,EU27,1
Hungary,Entry,-11.8,2026-04/2026-06,mock,HUN,EU27,1
Hungary,Overall,-10.6,2026-04/2026-06,mock,HUN,EU27,1
Bulgaria,Entry,-13.4,2026-04/2026-06,mock,BGR,EU27,1
Bulgaria,Overall,-14.3,2026-04/2026-06,mock,BGR,EU27,1
Croatia,Entry,-12.3,2026-04/2026-06,mock,HRV,EU27,1
Croatia,Overall,-10.9,2026-04/2026-06,mock,HRV,EU27,1
Slovakia,Entry,-19.7,2026-04/2026-06,mock,SVK,EU27,1
Slovakia,Overall,-18.1,2026-04/2026-06,mock,SVK,EU27,1
Lithuania,Entry,-12.1,2026-04/2026-06,mock,LTU,EU27,1
Lithuania,Overall,-11.0,2026-04/2026-06,mock,LTU,EU27,1
Estonia,Entry,-17.1,2026-04/2026-06,mock,EST,EU27,1
Estonia,Overall,-16.6,2026-04/2026-06,mock,EST,EU27,1
Switzerland,Entry,-15.7,2026-04/2026-06,mock,CHE,Europe (non-EU),1
Switzerland,Overall,-15.4,2026-04/2026-06,mock,CHE,Europe (non-EU),1
Norway,Entry,-13.8,2026-04/2026-06,mock,NOR,Europe (non-EU),1
Norway,Overall,-14.8,2026-04/2026-06,mock,NOR,Europe (non-EU),1
Turkey,Entry,-13.4,2026-04/2026-06,mock,TUR,Europe (non-EU),1
Turkey,Overall,-11.7,2026-04/2026-06,mock,TUR,Europe (non-EU),1
Canada,Entry,-12.9,2026-04/2026-06,mock,CAN,Americas,1
Canada,Overall,-11.4,2026-04/2026-06,mock,CAN,Americas,1
Mexico,Entry,-14.0,2026-04/2026-06,mock,MEX,Americas,1
Mexico,Overall,-12.4,2026-04/2026-06,mock,MEX,Americas,1
Brazil,Entry,-20.7,2026-04/2026-06,mock,BRA,Americas,1
Brazil,Overall,-20.0,2026-04/2026-06,mock,BRA,Americas,1
Argentina,Entry,-9.8,2026-04/2026-06,mock,ARG,Americas,1
Argentina,Overall,-10.8,2026-04/2026-06,mock,ARG,Americas,1
Chile,Entry,-1.6,2026-04/2026-06,mock,CHL,Americas,1
Chile,Overall,-2.5,2026-04/2026-06,mock,CHL,Americas,1
Colombia,Entry,-15.7,2026-04/2026-06,mock,COL,Americas,1
Colombia,Overall,-14.9,2026-04/2026-06,mock,COL,Americas,1
Peru,Entry,-16.4,2026-04/2026-06,mock,PER,Americas,1
Peru,Overall,-15.0,2026-04/2026-06,mock,PER,Americas,1
Australia,Entry,-11.9,2026-04/2026-06,mock,AUS,Asia-Pacific,1
Australia,Overall,-10.3,2026-04/2026-06,mock,AUS,Asia-Pacific,1
New Zealand,Entry,-14.6,2026-04/2026-06,mock,NZL,Asia-Pacific,1
New Zealand,Overall,-13.6,2026-04/2026-06,mock,NZL,Asia-Pacific,1
Japan,Entry,-10.9,2026-04/2026-06,mock,JPN,Asia-Pacific,1
Japan,Overall,-9.6,2026-04/2026-06,mock,JPN,Asia-Pacific,1
Singapore,Entry,-10.5,2026-04/2026-06,mock,SGP,Asia-Pacific,1
Singapore,Overall,-8.7,2026-04/2026-06,mock,SGP,Asia-Pacific,1
Indonesia,Entry,-17.9,2026-04/2026-06,mock,IDN,Asia-Pacific,1
Indonesia,Overall,-16.2,2026-04/2026-06,mock,IDN,Asia-Pacific,1
Philippines,Entry,-7.0,2026-04/2026-06,mock,PHL,Asia-Pacific,1
Philippines,Overall,-7.2,2026-04/2026-06,mock,PHL,Asia-Pacific,1
Malaysia,Entry,-8.7,2026-04/2026-06,mock,MYS,Asia-Pacific,1
Malaysia,Overall,-5.8,2026-04/2026-06,mock,MYS,Asia-Pacific,1
United Arab Emirates,Entry,-11.5,2026-04/2026-06,mock,ARE,Middle East,1
United Arab Emirates,Overall,-10.2,2026-04/2026-06,mock,ARE,Middle East,1
Saudi Arabia,Entry,-18.7,2026-04/2026-06,mock,SAU,Middle East,1
Saudi Arabia,Overall,-17.5,2026-04/2026-06,mock,SAU,Middle East,1
Israel,Entry,-2.0,2026-04/2026-06,mock,ISR,Middle East,1
Israel,Overall,-2.5,2026-04/2026-06,mock,ISR,Middle East,1
Qatar,Entry,-13.2,2026-04/2026-06,mock,QAT,Middle East,1
Qatar,Overall,-10.8,2026-04/2026-06,mock,QAT,Middle East,1
South Africa,Entry,-12.0,2026-04/2026-06,mock,ZAF,Africa,1
South Africa,Overall,-10.4,2026-04/2026-06,mock,ZAF,Africa,1
Nigeria,Entry,-14.1,2026-04/2026-06,mock,NGA,Africa,1
Nigeria,Overall,-12.4,2026-04/2026-06,mock,NGA,Africa,1
Egypt,Entry,-7.6,2026-04/2026-06,mock,EGY,Africa,1
Egypt,Overall,-5.2,2026-04/2026-06,mock,EGY,Africa,1
Kenya,Entry,-9.1,2026-04/2026-06,mock,KEN,Africa,1
Kenya,Overall,-9.1,2026-04/2026-06,mock,KEN,Africa,1
