country,year,share_founders_with_ai_skill_pct,method,iso3,region,mock
France,2016,2.9,vector,FRA,EU27,0
France,2018,4.3,vector,FRA,EU27,0
France,2020,4.5,vector,FRA,EU27,0
France,2022,4.6,vector,FRA,EU27,0
France,2024,6.0,vector,FRA,EU27,0
France,2026,11.2,vector,FRA,EU27,0
Germany,2016,3.7,vector,DEU,EU27,0
Germany,2018,5.9,vector,DEU,EU27,0
Germany,2020,6.3,vector,DEU,EU27,0
Germany,2022,6.8,vector,DEU,EU27,0
Germany,2024,10.2,vector,DEU,EU27,0
Germany,2026,18.0,vector,DEU,EU27,0
India,2016,3.5,vector,IND,Asia-Pacific,0
India,2018,4.7,vector,IND,Asia-Pacific,0
India,2020,5.9,vector,IND,Asia-Pacific,0
India,2022,6.5,vector,IND,Asia-Pacific,0
India,2024,8.8,vector,IND,Asia-Pacific,0
India,2026,18.1,vector,IND,Asia-Pacific,0
United Kingdom,2016,2.6,vector,GBR,Europe (non-EU),0
United Kingdom,2018,3.0,vector,GBR,Europe (non-EU),0
United Kingdom,2020,3.7,vector,GBR,Europe (non-EU),0
United Kingdom,2022,3.8,vector,GBR,Europe (non-EU),0
United Kingdom,2024,5.7,vector,GBR,Europe (non-EU),0
United Kingdom,2026,11.1,vector,GBR,Europe (non-EU),0
United States,2016,2.3,vector,USA,Americas,0
United States,2018,3.1,vector,USA,Americas,0
United States,2020,3.5,vector,USA,Americas,0
United States,2022,4.0,vector,USA,Americas,0
United States,2024,6.6,vector,USA,Americas,0
United States,2026,12.5,vector,USA,Americas,0
Spain,2016,3.8,mock,ESP,EU27,1
Spain,2018,4.2,mock,ESP,EU27,1
Spain,2020,5.4,mock,ESP,EU27,1
Spain,2022,7.2,mock,ESP,EU27,1
Spain,2024,10.4,mock,ESP,EU27,1
Spain,2026,15.3,mock,ESP,EU27,1
Italy,2016,2.5,mock,ITA,EU27,1
Italy,2018,2.6,mock,ITA,EU27,1
Italy,2020,3.5,mock,ITA,EU27,1
Italy,2022,4.8,mock,ITA,EU27,1
Italy,2024,5.9,mock,ITA,EU27,1
Italy,2026,8.6,mock,ITA,EU27,1
Netherlands,2016,3.8,mock,NLD,EU27,1
Netherlands,2018,4.5,mock,NLD,EU27,1
Netherlands,2020,5.6,mock,NLD,EU27,1
Netherlands,2022,7.8,mock,NLD,EU27,1
Netherlands,2024,11.5,mock,NLD,EU27,1
Netherlands,2026,19.3,mock,NLD,EU27,1
Belgium,2016,3.2,mock,BEL,EU27,1
Belgium,2018,3.5,mock,BEL,EU27,1
Belgium,2020,4.6,mock,BEL,EU27,1
Belgium,2022,5.2,mock,BEL,EU27,1
Belgium,2024,7.4,mock,BEL,EU27,1
Belgium,2026,11.5,mock,BEL,EU27,1
Sweden,2016,2.7,mock,SWE,EU27,1
Sweden,2018,2.7,mock,SWE,EU27,1
Sweden,2020,3.8,mock,SWE,EU27,1
Sweden,2022,4.7,mock,SWE,EU27,1
Sweden,2024,7.1,mock,SWE,EU27,1
Sweden,2026,11.9,mock,SWE,EU27,1
Poland,2016,2.8,mock,POL,EU27,1
Poland,2018,3.1,mock,POL,EU27,1
Poland,2020,4.1,mock,POL,EU27,1
Poland,2022,5.5,mock,POL,EU27,1
Poland,2024,7.6,mock,POL,EU27,1
Poland,2026,11.7,mock,POL,EU27,1
Ireland,2016,3.1,mock,IRL,EU27,1
Ireland,2018,4.0,mock,IRL,EU27,1
Ireland,2020,4.8,mock,IRL,EU27,1
Ireland,2022,6.1,mock,IRL,EU27,1
Ireland,2024,9.1,mock,IRL,EU27,1
Ireland,2026,12.8,mock,IRL,EU27,1
Portugal,2016,2.7,mock,PRT,EU27,1
Portugal,2018,3.0,mock,PRT,EU27,1
Portugal,2020,3.7,mock,PRT,EU27,1
Portugal,2022,4.3,mock,PRT,EU27,1
Portugal,2024,5.7,mock,PRT,EU27,1
Portugal,2026,8.7,mock,PRT,EU27,1
Denmark,2016,3.3,mock,DNK,EU27,1
Denmark,2018,4.2,mock,DNK,EU27,1
Denmark,2020,4.4,mock,DNK,EU27,1
Denmark,2022,6.0,mock,DNK,EU27,1
Denmark,2024,8.1,mock,DNK,EU27,1
Denmark,2026,12.5,mock,DNK,EU27,1
Austria,2016,3.8,mock,AUT,EU27,1
Austria,2018,4.1,mock,AUT,EU27,1
Austria,2020,5.4,mock,AUT,EU27,1
Austria,2022,7.0,mock,AUT,EU27,1
Austria,2024,10.4,mock,AUT,EU27,1
Austria,2026,16.5,mock,AUT,EU27,1
Finland,2016,3.4,mock,FIN,EU27,1
Finland,2018,3.4,mock,FIN,EU27,1
Finland,2020,3.8,mock,FIN,EU27,1
Finland,2022,5.4,mock,FIN,EU27,1
Finland,2024,8.5,mock,FIN,EU27,1
Finland,2026,13.4,mock,FIN,EU27,1
Czechia,2016,2.5,mock,CZE,EU27,1
Czechia,2018,2.9,mock,CZE,EU27,1
Czechia,2020,4.0,mock,CZE,EU27,1
Czechia,2022,4.8,mock,CZE,EU27,1
Czechia,2024,7.0,mock,CZE,EU27,1
Czechia,2026,11.1,mock,CZE,EU27,1
Romania,2016,2.5,mock,ROU,EU27,1
Romania,2018,3.0,mock,ROU,EU27,1
Romania,2020,3.5,mock,ROU,EU27,1
Romania,2022,4.5,mock,ROU,EU27,1
Romania,2024,6.7,mock,ROU,EU27,1
Romania,2026,10.3,mock,ROU,EU27,1
Greece,2016,2.5,mock,GRC,EU27,1
Greece,2018,2.8,mock,GRC,EU27,1
Greece,2020,3.5,mock,GRC,EU27,1
Greece,2022,4.6,mock,GRC,EU27,1
Greece,2024,7.0,mock,GRC,EU27,1
Greece,2026,10.0,mock,GRC,EU27,1
Hungary,2016,3.0,mock,HUN,EU27,1
Hungary,2018,3.3,mock,HUN,EU27,1
Hungary,2020,4.0,mock,HUN,EU27,1
Hungary,2022,4.4,mock,HUN,EU27,1
Hungary,2024,6.4,mock,HUN,EU27,1
Hungary,2026,9.1,mock,HUN,EU27,1
Bulgaria,2016,2.4,mock,BGR,EU27,1
Bulgaria,2018,2.4,mock,BGR,EU27,1
Bulgaria,2020,3.4,mock,BGR,EU27,1
Bulgaria,2022,4.1,mock,BGR,EU27,1
Bulgaria,2024,6.0,mock,BGR,EU27,1
Bulgaria,2026,10.5,mock,BGR,EU27,1
Croatia,2016,3.0,mock,HRV,EU27,1
Croatia,2018,3.1,mock,HRV,EU27,1
Croatia,2020,4.1,mock,HRV,EU27,1
Croatia,2022,5.1,mock,HRV,EU27,1
Croatia,2024,7.3,mock,HRV,EU27,1
Croatia,2026,11.9,mock,HRV,EU27,1
Slovakia,2016,4.1,mock,SVK,EU27,1
Slovakia,2018,5.0,mock,SVK,EU27,1
Slovakia,2020,6.9,mock,SVK,EU27,1
Slovakia,2022,8.3,mock,SVK,EU27,1
Slovakia,2024,12.4,mock,SVK,EU27,1
Slovakia,2026,18.0,mock,SVK,EU27,1
Lithuania,2016,2.8,mock,LTU,EU27,1
Lithuania,2018,2.8,mock,LTU,EU27,1
Lithuania,2020,4.1,mock,LTU,EU27,1
Lithuania,2022,4.6,mock,LTU,EU27,1
Lithuania,2024,6.6,mock,LTU,EU27,1
Lithuania,2026,9.4,mock,LTU,EU27,1
Estonia,2016,2.0,mock,EST,EU27,1
Estonia,2018,2.5,mock,EST,EU27,1
Estonia,2020,3.0,mock,EST,EU27,1
Estonia,2022,4.1,mock,EST,EU27,1
Estonia,2024,5.8,mock,EST,EU27,1
Estonia,2026,8.1,mock,EST,EU27,1
Switzerland,2016,4.0,mock,CHE,Europe (non-EU),1
Switzerland,2018,5.1,mock,CHE,Europe (non-EU),1
Switzerland,2020,6.9,mock,CHE,Europe (non-EU),1
Switzerland,2022,9.0,mock,CHE,Europe (non-EU),1
Switzerland,2024,13.1,mock,CHE,Europe (non-EU),1
Switzerland,2026,20.1,mock,CHE,Europe (non-EU),1
Norway,2016,4.0,mock,NOR,Europe (non-EU),1
Norway,2018,4.7,mock,NOR,Europe (non-EU),1
Norway,2020,5.8,mock,NOR,Europe (non-EU),1
Norway,2022,7.9,mock,NOR,Europe (non-EU),1
Norway,2024,11.7,mock,NOR,Europe (non-EU),1
Norway,2026,18.8,mock,NOR,Europe (non-EU),1
Turkey,2016,2.8,mock,TUR,Europe (non-EU),1
Turkey,2018,3.2,mock,TUR,Europe (non-EU),1
Turkey,2020,3.8,mock,TUR,Europe (non-EU),1
Turkey,2022,5.6,mock,TUR,Europe (non-EU),1
Turkey,2024,7.6,mock,TUR,Europe (non-EU),1
Turkey,2026,13.0,mock,TUR,Europe (non-EU),1
Canada,2016,3.4,mock,CAN,Americas,1
Canada,2018,4.4,mock,CAN,Americas,1
Canada,2020,4.9,mock,CAN,Americas,1
Canada,2022,6.8,mock,CAN,Americas,1
Canada,2024,10.4,mock,CAN,Americas,1
Canada,2026,15.4,mock,CAN,Americas,1
Mexico,2016,2.8,mock,MEX,Americas,1
Mexico,2018,3.5,mock,MEX,Americas,1
Mexico,2020,3.5,mock,MEX,Americas,1
Mexico,2022,5.3,mock,MEX,Americas,1
Mexico,2024,8.3,mock,MEX,Americas,1
Mexico,2026,13.4,mock,MEX,Americas,1
Brazil,2016,3.1,mock,BRA,Americas,1
Brazil,2018,3.3,mock,BRA,Americas,1
Brazil,2020,4.3,mock,BRA,Americas,1
Brazil,2022,5.8,mock,BRA,Americas,1
Brazil,2024,9.0,mock,BRA,Americas,1
Brazil,2026,15.0,mock,BRA,Americas,1
Argentina,2016,3.2,mock,ARG,Americas,1
Argentina,2018,3.7,mock,ARG,Americas,1
Argentina,2020,4.5,mock,ARG,Americas,1
Argentina,2022,5.7,mock,ARG,Americas,1
Argentina,2024,8.8,mock,ARG,Americas,1
Argentina,2026,13.5,mock,ARG,Americas,1
Chile,2016,2.4,mock,CHL,Americas,1
Chile,2018,2.5,mock,CHL,Americas,1
Chile,2020,3.1,mock,CHL,Americas,1
Chile,2022,3.8,mock,CHL,Americas,1
Chile,2024,6.0,mock,CHL,Americas,1
Chile,2026,8.4,mock,CHL,Americas,1
Colombia,2016,3.1,mock,COL,Americas,1
Colombia,2018,3.7,mock,COL,Americas,1
Colombia,2020,4.5,mock,COL,Americas,1
Colombia,2022,6.0,mock,COL,Americas,1
Colombia,2024,9.1,mock,COL,Americas,1
Colombia,2026,12.9,mock,COL,Americas,1
Peru,2016,1.4,mock,PER,Americas,1
Peru,2018,1.7,mock,PER,Americas,1
Peru,2020,2.2,mock,PER,Americas,1
Peru,2022,2.9,mock,PER,Americas,1
Peru,2024,3.2,mock,PER,Americas,1
Peru,2026,6.0,mock,PER,Americas,1
Australia,2016,3.4,mock,AUS,Asia-Pacific,1
Australia,2018,4.2,mock,AUS,Asia-Pacific,1
Australia,2020,4.8,mock,AUS,Asia-Pacific,1
Australia,2022,6.7,mock,AUS,Asia-Pacific,1
Australia,2024,9.3,mock,AUS,Asia-Pacific,1
Australia,2026,14.4,mock,AUS,Asia-Pacific,1
New Zealand,2016,2.8,mock,NZL,Asia-Pacific,1
New Zealand,2018,3.0,mock,NZL,Asia-Pacific,1
New Zealand,2020,3.6,mock,NZL,Asia-Pacific,1
New Zealand,2022,4.9,mock,NZL,Asia-Pacific,1
New Zealand,2024,6.8,mock,NZL,Asia-Pacific,1
New Zealand,2026,9.3,mock,NZL,Asia-Pacific,1
Japan,2016,3.1,mock,JPN,Asia-Pacific,1
Japan,2018,3.4,mock,JPN,Asia-Pacific,1
Japan,2020,4.6,mock,JPN,Asia-Pacific,1
Japan,2022,7.2,mock,JPN,Asia-Pacific,1
Japan,2024,9.9,mock,JPN,Asia-Pacific,1
Japan,2026,15.4,mock,JPN,Asia-Pacific,1
Singapore,2016,3.5,mock,SGP,Asia-Pacific,1
Singapore,2018,3.8,mock,SGP,Asia-Pacific,1
Singapore,2020,4.5,mock,SGP,Asia-Pacific,1
Singapore,2022,6.6,mock,SGP,Asia-Pacific,1
Singapore,2024,9.8,mock,SGP,Asia-Pacific,1
Singapore,2026,15.8,mock,SGP,Asia-Pacific,1
Indonesia,2016,2.5,mock,IDN,Asia-Pacific,1
Indonesia,2018,2.9,mock,IDN,Asia-Pacific,1
Indonesia,2020,3.5,mock,IDN,Asia-Pacific,1
Indonesia,2022,4.5,mock,IDN,Asia-Pacific,1
Indonesia,2024,7.0,mock,IDN,Asia-Pacific,1
Indonesia,2026,9.8,mock,IDN,Asia-Pacific,1
Philippines,2016,2.1,mock,PHL,Asia-Pacific,1
Philippines,2018,2.1,mock,PHL,Asia-Pacific,1
Philippines,2020,2.5,mock,PHL,Asia-Pacific,1
Philippines,2022,3.4,mock,PHL,Asia-Pacific,1
Philippines,2024,4.2,mock,PHL,Asia-Pacific,1
Philippines,2026,6.4,mock,PHL,Asia-Pacific,1
Malaysia,2016,2.7,mock,MYS,Asia-Pacific,1
Malaysia,2018,2.8,mock,MYS,Asia-Pacific,1
Malaysia,2020,3.4,mock,MYS,Asia-Pacific,1
Malaysia,2022,3.9,mock,MYS,Asia-Pacific,1
Malaysia,2024,5.6,mock,MYS,Asia-Pacific,1
Malaysia,2026,8.8,mock,MYS,Asia-Pacific,1
United Arab Emirates,2016,3.8,mock,ARE,Middle East,1
United Arab Emirates,2018,4.2,mock,ARE,Middle East,1
United Arab Emirates,2020,6.1,mock,ARE,Middle East,1
United Arab Emirates,2022,7.8,mock,ARE,Middle East,1
United Arab Emirates,2024,11.5,mock,ARE,Middle East,1
United Arab Emirates,2026,18.3,mock,ARE,Middle East,1
Saudi Arabia,2016,2.1,mock,SAU,Middle East,1
Saudi Arabia,2018,2.2,mock,SAU,Middle East,1
Saudi Arabia,2020,2.7,mock,SAU,Middle East,1
Saudi Arabia,2022,3.6,mock,SAU,Middle East,1
Saudi Arabia,2024,5.3,mock,SAU,Middle East,1
Saudi Arabia,2026,7.5,mock,SAU,Middle East,1
Israel,2016,2.7,mock,ISR,Middle East,1
Israel,2018,2.7,mock,ISR,Middle East,1
Israel,2020,3.3,mock,ISR,Middle East,1
Israel,2022,4.1,mock,ISR,Middle East,1
Israel,2024,6.3,mock,ISR,Middle East,1
Israel,2026,10.0,mock,ISR,Middle East,1
Qatar,2016,5.0,mock,QAT,Middle East,1
Qatar,2018,5.6,mock,QAT,Middle East,1
Qatar,2020,7.4,mock,QAT,Middle East,1
Qatar,2022,10.4,mock,QAT,Middle East,1
Qatar,2024,14.1,mock,QAT,Middle East,1
Qatar,2026,21.0,mock,QAT,Middle East,1
South Africa,2016,2.7,mock,ZAF,Africa,1
South Africa,2018,3.2,mock,ZAF,Africa,1
South Africa,2020,3.8,mock,ZAF,Africa,1
South Africa,2022,5.3,mock,ZAF,Africa,1
South Africa,2024,7.0,mock,ZAF,Africa,1
South Africa,2026,11.4,mock,ZAF,Africa,1
Nigeria,2016,3.2,mock,NGA,Africa,1
Nigeria,2018,3.4,mock,NGA,Africa,1
Nigeria,2020,4.8,mock,NGA,Africa,1
Nigeria,2022,5.7,mock,NGA,Africa,1
Nigeria,2024,7.6,mock,NGA,Africa,1
Nigeria,2026,11.7,mock,NGA,Africa,1
Egypt,2016,1.8,mock,EGY,Africa,1
Egypt,2018,2.0,mock,EGY,Africa,1
Egypt,2020,2.3,mock,EGY,Africa,1
Egypt,2022,3.0,mock,EGY,Africa,1
Egypt,2024,4.1,mock,EGY,Africa,1
Egypt,2026,6.5,mock,EGY,Africa,1
Kenya,2016,1.4,mock,KEN,Africa,1
Kenya,2018,2.0,mock,KEN,Africa,1
Kenya,2020,2.0,mock,KEN,Africa,1
Kenya,2022,3.0,mock,KEN,Africa,1
Kenya,2024,3.7,mock,KEN,Africa,1
Kenya,2026,6.0,mock,KEN,Africa,1
