country,yoy_change_share_adding_founder_pct,period,method,iso3,region,mock
France,20.1,2026-04/2026-06 avg,vector,FRA,EU27,0
Germany,22.0,2026-04/2026-06 avg,vector,DEU,EU27,0
India,37.5,2026-04/2026-06 avg,vector,IND,Asia-Pacific,0
United Kingdom,24.5,2026-04/2026-06 avg,vector,GBR,Europe (non-EU),0
United States,21.2,2026-04/2026-06 avg,vector,USA,Americas,0
Spain,18.6,2026-04/2026-06 avg,mock,ESP,EU27,1
Italy,16.3,2026-04/2026-06 avg,mock,ITA,EU27,1
Netherlands,17.0,2026-04/2026-06 avg,mock,NLD,EU27,1
Belgium,23.9,2026-04/2026-06 avg,mock,BEL,EU27,1
Sweden,29.8,2026-04/2026-06 avg,mock,SWE,EU27,1
Poland,21.8,2026-04/2026-06 avg,mock,POL,EU27,1
Ireland,19.1,2026-04/2026-06 avg,mock,IRL,EU27,1
Portugal,19.5,2026-04/2026-06 avg,mock,PRT,EU27,1
Denmark,22.7,2026-04/2026-06 avg,mock,DNK,EU27,1
Austria,24.9,2026-04/2026-06 avg,mock,AUT,EU27,1
Finland,30.3,2026-04/2026-06 avg,mock,FIN,EU27,1
Czechia,22.5,2026-04/2026-06 avg,mock,CZE,EU27,1
Romania,23.4,2026-04/2026-06 avg,mock,ROU,EU27,1
Greece,19.3,2026-04/2026-06 avg,mock,GRC,EU27,1
Hungary,22.4,2026-04/2026-06 avg,mock,HUN,EU27,1
Bulgaria,24.1,2026-04/2026-06 avg,mock,BGR,EU27,1
Croatia,24.9,2026-04/2026-06 avg,mock,HRV,EU27,1
Slovakia,29.4,2026-04/2026-06 avg,mock,SVK,EU27,1
Lithuania,16.7,2026-04/2026-06 avg,mock,LTU,EU27,1
Estonia,19.7,2026-04/2026-06 avg,mock,EST,EU27,1
Switzerland,33.3,2026-04/2026-06 avg,mock,CHE,Europe (non-EU),1
Norway,33.0,2026-04/2026-06 avg,mock,NOR,Europe (non-EU),1
Turkey,24.1,2026-04/2026-06 avg,mock,TUR,Europe (non-EU),1
Canada,21.3,2026-04/2026-06 avg,mock,CAN,Americas,1
Mexico,13.8,2026-04/2026-06 avg,mock,MEX,Americas,1
Brazil,24.4,2026-04/2026-06 avg,mock,BRA,Americas,1
Argentina,20.5,2026-04/2026-06 avg,mock,ARG,Americas,1
Chile,17.2,2026-04/2026-06 avg,mock,CHL,Americas,1
Colombia,20.2,2026-04/2026-06 avg,mock,COL,Americas,1
Peru,17.6,2026-04/2026-06 avg,mock,PER,Americas,1
Australia,29.8,2026-04/2026-06 avg,mock,AUS,Asia-Pacific,1
New Zealand,30.5,2026-04/2026-06 avg,mock,NZL,Asia-Pacific,1
Japan,31.5,2026-04/2026-06 avg,mock,JPN,Asia-Pacific,1
Singapore,23.0,2026-04/2026-06 avg,mock,SGP,Asia-Pacific,1
Indonesia,15.6,2026-04/2026-06 avg,mock,IDN,Asia-Pacific,1
Philippines,18.6,2026-04/2026-06 avg,mock,PHL,Asia-Pacific,1
Malaysia,13.6,2026-04/2026-06 avg,mock,MYS,Asia-Pacific,1
United Arab Emirates,24.9,2026-04/2026-06 avg,mock,ARE,Middle East,1
Saudi Arabia,22.7,2026-04/2026-06 avg,mock,SAU,Middle East,1
Israel,25.7,2026-04/2026-06 avg,mock,ISR,Middle East,1
Qatar,25.5,2026-04/2026-06 avg,mock,QAT,Middle East,1
South Africa,17.4,2026-04/2026-06 avg,mock,ZAF,Africa,1
Nigeria,18.4,2026-04/2026-06 avg,mock,NGA,Africa,1
Egypt,18.6,2026-04/2026-06 avg,mock,EGY,Africa,1
Kenya,10.0,2026-04/2026-06 avg,mock,KEN,Africa,1
