country,year,share_finance_job_ads_ai_skill_pct,method,iso3,region,mock
France,2018,2.7,vector,FRA,EU27,0
France,2019,2.2,vector,FRA,EU27,0
France,2020,1.8,vector,FRA,EU27,0
France,2021,2.1,vector,FRA,EU27,0
France,2022,2.1,vector,FRA,EU27,0
France,2023,2.1,vector,FRA,EU27,0
France,2024,2.1,vector,FRA,EU27,0
France,2025,1.8,vector,FRA,EU27,0
France,2026,2.0,vector,FRA,EU27,0
Germany,2018,1.9,vector,DEU,EU27,0
Germany,2019,2.0,vector,DEU,EU27,0
Germany,2020,2.5,vector,DEU,EU27,0
Germany,2021,2.5,vector,DEU,EU27,0
Germany,2022,2.0,vector,DEU,EU27,0
Germany,2023,1.9,vector,DEU,EU27,0
Germany,2024,2.1,vector,DEU,EU27,0
Germany,2025,1.6,vector,DEU,EU27,0
Germany,2026,2.0,vector,DEU,EU27,0
India,2018,4.5,vector,IND,Asia-Pacific,0
India,2019,4.0,vector,IND,Asia-Pacific,0
India,2020,3.7,vector,IND,Asia-Pacific,0
India,2021,4.2,vector,IND,Asia-Pacific,0
India,2022,4.1,vector,IND,Asia-Pacific,0
India,2023,4.2,vector,IND,Asia-Pacific,0
India,2024,4.6,vector,IND,Asia-Pacific,0
India,2025,4.7,vector,IND,Asia-Pacific,0
India,2026,5.5,vector,IND,Asia-Pacific,0
United Kingdom,2018,3.3,vector,GBR,Europe (non-EU),0
United Kingdom,2019,3.7,vector,GBR,Europe (non-EU),0
United Kingdom,2020,4.2,vector,GBR,Europe (non-EU),0
United Kingdom,2021,4.1,vector,GBR,Europe (non-EU),0
United Kingdom,2022,3.6,vector,GBR,Europe (non-EU),0
United Kingdom,2023,3.4,vector,GBR,Europe (non-EU),0
United Kingdom,2024,3.5,vector,GBR,Europe (non-EU),0
United Kingdom,2025,3.8,vector,GBR,Europe (non-EU),0
United Kingdom,2026,4.5,vector,GBR,Europe (non-EU),0
United States,2018,3.0,vector,USA,Americas,0
United States,2019,3.8,vector,USA,Americas,0
United States,2020,3.0,vector,USA,Americas,0
United States,2021,3.2,vector,USA,Americas,0
United States,2022,3.4,vector,USA,Americas,0
United States,2023,2.5,vector,USA,Americas,0
United States,2024,2.7,vector,USA,Americas,0
United States,2025,2.6,vector,USA,Americas,0
United States,2026,3.0,vector,USA,Americas,0
Spain,2018,2.6,mock,ESP,EU27,1
Spain,2019,2.8,mock,ESP,EU27,1
Spain,2020,3.0,mock,ESP,EU27,1
Spain,2021,3.1,mock,ESP,EU27,1
Spain,2022,3.2,mock,ESP,EU27,1
Spain,2023,3.3,mock,ESP,EU27,1
Spain,2024,3.4,mock,ESP,EU27,1
Spain,2025,3.5,mock,ESP,EU27,1
Spain,2026,3.9,mock,ESP,EU27,1
Italy,2018,2.9,mock,ITA,EU27,1
Italy,2019,3.0,mock,ITA,EU27,1
Italy,2020,3.3,mock,ITA,EU27,1
Italy,2021,3.6,mock,ITA,EU27,1
Italy,2022,3.6,mock,ITA,EU27,1
Italy,2023,3.9,mock,ITA,EU27,1
Italy,2024,4.0,mock,ITA,EU27,1
Italy,2025,4.2,mock,ITA,EU27,1
Italy,2026,4.8,mock,ITA,EU27,1
Netherlands,2018,3.4,mock,NLD,EU27,1
Netherlands,2019,3.1,mock,NLD,EU27,1
Netherlands,2020,3.0,mock,NLD,EU27,1
Netherlands,2021,2.9,mock,NLD,EU27,1
Netherlands,2022,2.8,mock,NLD,EU27,1
Netherlands,2023,2.9,mock,NLD,EU27,1
Netherlands,2024,2.8,mock,NLD,EU27,1
Netherlands,2025,2.6,mock,NLD,EU27,1
Netherlands,2026,2.8,mock,NLD,EU27,1
Belgium,2018,3.5,mock,BEL,EU27,1
Belgium,2019,3.8,mock,BEL,EU27,1
Belgium,2020,3.7,mock,BEL,EU27,1
Belgium,2021,3.5,mock,BEL,EU27,1
Belgium,2022,3.4,mock,BEL,EU27,1
Belgium,2023,3.4,mock,BEL,EU27,1
Belgium,2024,3.6,mock,BEL,EU27,1
Belgium,2025,3.6,mock,BEL,EU27,1
Belgium,2026,4.1,mock,BEL,EU27,1
Sweden,2018,2.2,mock,SWE,EU27,1
Sweden,2019,2.2,mock,SWE,EU27,1
Sweden,2020,2.4,mock,SWE,EU27,1
Sweden,2021,2.8,mock,SWE,EU27,1
Sweden,2022,3.1,mock,SWE,EU27,1
Sweden,2023,3.4,mock,SWE,EU27,1
Sweden,2024,3.4,mock,SWE,EU27,1
Sweden,2025,3.4,mock,SWE,EU27,1
Sweden,2026,4.1,mock,SWE,EU27,1
Poland,2018,1.9,mock,POL,EU27,1
Poland,2019,2.2,mock,POL,EU27,1
Poland,2020,2.1,mock,POL,EU27,1
Poland,2021,2.2,mock,POL,EU27,1
Poland,2022,2.2,mock,POL,EU27,1
Poland,2023,2.1,mock,POL,EU27,1
Poland,2024,2.0,mock,POL,EU27,1
Poland,2025,1.7,mock,POL,EU27,1
Poland,2026,2.0,mock,POL,EU27,1
Ireland,2018,2.9,mock,IRL,EU27,1
Ireland,2019,3.0,mock,IRL,EU27,1
Ireland,2020,2.9,mock,IRL,EU27,1
Ireland,2021,2.8,mock,IRL,EU27,1
Ireland,2022,2.9,mock,IRL,EU27,1
Ireland,2023,3.0,mock,IRL,EU27,1
Ireland,2024,2.7,mock,IRL,EU27,1
Ireland,2025,2.8,mock,IRL,EU27,1
Ireland,2026,3.5,mock,IRL,EU27,1
Portugal,2018,1.9,mock,PRT,EU27,1
Portugal,2019,2.0,mock,PRT,EU27,1
Portugal,2020,2.0,mock,PRT,EU27,1
Portugal,2021,1.9,mock,PRT,EU27,1
Portugal,2022,1.8,mock,PRT,EU27,1
Portugal,2023,2.4,mock,PRT,EU27,1
Portugal,2024,2.3,mock,PRT,EU27,1
Portugal,2025,2.7,mock,PRT,EU27,1
Portugal,2026,3.3,mock,PRT,EU27,1
Denmark,2018,3.2,mock,DNK,EU27,1
Denmark,2019,3.0,mock,DNK,EU27,1
Denmark,2020,3.0,mock,DNK,EU27,1
Denmark,2021,3.1,mock,DNK,EU27,1
Denmark,2022,3.1,mock,DNK,EU27,1
Denmark,2023,3.0,mock,DNK,EU27,1
Denmark,2024,3.2,mock,DNK,EU27,1
Denmark,2025,3.3,mock,DNK,EU27,1
Denmark,2026,4.2,mock,DNK,EU27,1
Austria,2018,4.3,mock,AUT,EU27,1
Austria,2019,4.4,mock,AUT,EU27,1
Austria,2020,4.0,mock,AUT,EU27,1
Austria,2021,4.2,mock,AUT,EU27,1
Austria,2022,4.0,mock,AUT,EU27,1
Austria,2023,4.1,mock,AUT,EU27,1
Austria,2024,4.1,mock,AUT,EU27,1
Austria,2025,3.9,mock,AUT,EU27,1
Austria,2026,4.1,mock,AUT,EU27,1
Finland,2018,3.2,mock,FIN,EU27,1
Finland,2019,3.1,mock,FIN,EU27,1
Finland,2020,3.1,mock,FIN,EU27,1
Finland,2021,3.2,mock,FIN,EU27,1
Finland,2022,3.4,mock,FIN,EU27,1
Finland,2023,3.4,mock,FIN,EU27,1
Finland,2024,3.1,mock,FIN,EU27,1
Finland,2025,2.9,mock,FIN,EU27,1
Finland,2026,3.1,mock,FIN,EU27,1
Czechia,2018,3.7,mock,CZE,EU27,1
Czechia,2019,3.7,mock,CZE,EU27,1
Czechia,2020,3.7,mock,CZE,EU27,1
Czechia,2021,3.8,mock,CZE,EU27,1
Czechia,2022,4.0,mock,CZE,EU27,1
Czechia,2023,4.2,mock,CZE,EU27,1
Czechia,2024,4.3,mock,CZE,EU27,1
Czechia,2025,4.3,mock,CZE,EU27,1
Czechia,2026,4.8,mock,CZE,EU27,1
Romania,2018,1.8,mock,ROU,EU27,1
Romania,2019,1.4,mock,ROU,EU27,1
Romania,2020,1.5,mock,ROU,EU27,1
Romania,2021,1.6,mock,ROU,EU27,1
Romania,2022,1.5,mock,ROU,EU27,1
Romania,2023,1.7,mock,ROU,EU27,1
Romania,2024,1.5,mock,ROU,EU27,1
Romania,2025,1.4,mock,ROU,EU27,1
Romania,2026,1.5,mock,ROU,EU27,1
Greece,2018,2.8,mock,GRC,EU27,1
Greece,2019,3.2,mock,GRC,EU27,1
Greece,2020,3.5,mock,GRC,EU27,1
Greece,2021,3.5,mock,GRC,EU27,1
Greece,2022,3.4,mock,GRC,EU27,1
Greece,2023,3.6,mock,GRC,EU27,1
Greece,2024,3.6,mock,GRC,EU27,1
Greece,2025,3.6,mock,GRC,EU27,1
Greece,2026,4.2,mock,GRC,EU27,1
Hungary,2018,3.1,mock,HUN,EU27,1
Hungary,2019,2.8,mock,HUN,EU27,1
Hungary,2020,2.2,mock,HUN,EU27,1
Hungary,2021,2.2,mock,HUN,EU27,1
Hungary,2022,2.1,mock,HUN,EU27,1
Hungary,2023,2.1,mock,HUN,EU27,1
Hungary,2024,1.8,mock,HUN,EU27,1
Hungary,2025,1.8,mock,HUN,EU27,1
Hungary,2026,2.0,mock,HUN,EU27,1
Bulgaria,2018,3.2,mock,BGR,EU27,1
Bulgaria,2019,3.2,mock,BGR,EU27,1
Bulgaria,2020,3.1,mock,BGR,EU27,1
Bulgaria,2021,3.1,mock,BGR,EU27,1
Bulgaria,2022,3.5,mock,BGR,EU27,1
Bulgaria,2023,3.5,mock,BGR,EU27,1
Bulgaria,2024,3.8,mock,BGR,EU27,1
Bulgaria,2025,4.1,mock,BGR,EU27,1
Bulgaria,2026,4.7,mock,BGR,EU27,1
Croatia,2018,3.4,mock,HRV,EU27,1
Croatia,2019,3.6,mock,HRV,EU27,1
Croatia,2020,3.7,mock,HRV,EU27,1
Croatia,2021,3.7,mock,HRV,EU27,1
Croatia,2022,3.6,mock,HRV,EU27,1
Croatia,2023,3.5,mock,HRV,EU27,1
Croatia,2024,3.5,mock,HRV,EU27,1
Croatia,2025,3.6,mock,HRV,EU27,1
Croatia,2026,3.5,mock,HRV,EU27,1
Slovakia,2018,4.8,mock,SVK,EU27,1
Slovakia,2019,5.0,mock,SVK,EU27,1
Slovakia,2020,5.3,mock,SVK,EU27,1
Slovakia,2021,5.3,mock,SVK,EU27,1
Slovakia,2022,5.4,mock,SVK,EU27,1
Slovakia,2023,5.5,mock,SVK,EU27,1
Slovakia,2024,5.5,mock,SVK,EU27,1
Slovakia,2025,5.7,mock,SVK,EU27,1
Slovakia,2026,6.3,mock,SVK,EU27,1
Lithuania,2018,3.8,mock,LTU,EU27,1
Lithuania,2019,3.9,mock,LTU,EU27,1
Lithuania,2020,4.3,mock,LTU,EU27,1
Lithuania,2021,4.5,mock,LTU,EU27,1
Lithuania,2022,4.8,mock,LTU,EU27,1
Lithuania,2023,5.0,mock,LTU,EU27,1
Lithuania,2024,5.3,mock,LTU,EU27,1
Lithuania,2025,5.2,mock,LTU,EU27,1
Lithuania,2026,6.0,mock,LTU,EU27,1
Estonia,2018,2.8,mock,EST,EU27,1
Estonia,2019,2.9,mock,EST,EU27,1
Estonia,2020,2.9,mock,EST,EU27,1
Estonia,2021,2.9,mock,EST,EU27,1
Estonia,2022,3.4,mock,EST,EU27,1
Estonia,2023,3.6,mock,EST,EU27,1
Estonia,2024,3.9,mock,EST,EU27,1
Estonia,2025,3.9,mock,EST,EU27,1
Estonia,2026,4.3,mock,EST,EU27,1
Switzerland,2018,3.6,mock,CHE,Europe (non-EU),1
Switzerland,2019,3.6,mock,CHE,Europe (non-EU),1
Switzerland,2020,3.5,mock,CHE,Europe (non-EU),1
Switzerland,2021,3.5,mock,CHE,Europe (non-EU),1
Switzerland,2022,3.6,mock,CHE,Europe (non-EU),1
Switzerland,2023,3.5,mock,CHE,Europe (non-EU),1
Switzerland,2024,3.7,mock,CHE,Europe (non-EU),1
Switzerland,2025,4.0,mock,CHE,Europe (non-EU),1
Switzerland,2026,4.4,mock,CHE,Europe (non-EU),1
Norway,2018,3.5,mock,NOR,Europe (non-EU),1
Norway,2019,3.5,mock,NOR,Europe (non-EU),1
Norway,2020,3.1,mock,NOR,Europe (non-EU),1
Norway,2021,3.1,mock,NOR,Europe (non-EU),1
Norway,2022,3.1,mock,NOR,Europe (non-EU),1
Norway,2023,3.2,mock,NOR,Europe (non-EU),1
Norway,2024,2.9,mock,NOR,Europe (non-EU),1
Norway,2025,3.0,mock,NOR,Europe (non-EU),1
Norway,2026,3.4,mock,NOR,Europe (non-EU),1
Turkey,2018,3.2,mock,TUR,Europe (non-EU),1
Turkey,2019,3.2,mock,TUR,Europe (non-EU),1
Turkey,2020,3.1,mock,TUR,Europe (non-EU),1
Turkey,2021,3.2,mock,TUR,Europe (non-EU),1
Turkey,2022,2.9,mock,TUR,Europe (non-EU),1
Turkey,2023,3.2,mock,TUR,Europe (non-EU),1
Turkey,2024,3.1,mock,TUR,Europe (non-EU),1
Turkey,2025,3.4,mock,TUR,Europe (non-EU),1
Turkey,2026,4.1,mock,TUR,Europe (non-EU),1
Canada,2018,4.4,mock,CAN,Americas,1
Canada,2019,4.5,mock,CAN,Americas,1
Canada,2020,4.3,mock,CAN,Americas,1
Canada,2021,4.5,mock,CAN,Americas,1
Canada,2022,4.4,mock,CAN,Americas,1
Canada,2023,3.9,mock,CAN,Americas,1
Canada,2024,3.9,mock,CAN,Americas,1
Canada,2025,4.1,mock,CAN,Americas,1
Canada,2026,4.5,mock,CAN,Americas,1
Mexico,2018,3.2,mock,MEX,Americas,1
Mexico,2019,3.2,mock,MEX,Americas,1
Mexico,2020,3.3,mock,MEX,Americas,1
Mexico,2021,3.2,mock,MEX,Americas,1
Mexico,2022,3.1,mock,MEX,Americas,1
Mexico,2023,2.9,mock,MEX,Americas,1
Mexico,2024,2.7,mock,MEX,Americas,1
Mexico,2025,2.8,mock,MEX,Americas,1
Mexico,2026,3.5,mock,MEX,Americas,1
Brazil,2018,4.1,mock,BRA,Americas,1
Brazil,2019,4.2,mock,BRA,Americas,1
Brazil,2020,4.0,mock,BRA,Americas,1
Brazil,2021,4.0,mock,BRA,Americas,1
Brazil,2022,3.8,mock,BRA,Americas,1
Brazil,2023,3.6,mock,BRA,Americas,1
Brazil,2024,3.9,mock,BRA,Americas,1
Brazil,2025,3.6,mock,BRA,Americas,1
Brazil,2026,4.2,mock,BRA,Americas,1
Argentina,2018,4.1,mock,ARG,Americas,1
Argentina,2019,4.2,mock,ARG,Americas,1
Argentina,2020,4.2,mock,ARG,Americas,1
Argentina,2021,4.3,mock,ARG,Americas,1
Argentina,2022,4.1,mock,ARG,Americas,1
Argentina,2023,4.4,mock,ARG,Americas,1
Argentina,2024,4.6,mock,ARG,Americas,1
Argentina,2025,4.7,mock,ARG,Americas,1
Argentina,2026,5.4,mock,ARG,Americas,1
Chile,2018,2.4,mock,CHL,Americas,1
Chile,2019,2.3,mock,CHL,Americas,1
Chile,2020,2.4,mock,CHL,Americas,1
Chile,2021,2.4,mock,CHL,Americas,1
Chile,2022,2.4,mock,CHL,Americas,1
Chile,2023,2.2,mock,CHL,Americas,1
Chile,2024,2.1,mock,CHL,Americas,1
Chile,2025,2.1,mock,CHL,Americas,1
Chile,2026,2.9,mock,CHL,Americas,1
Colombia,2018,1.7,mock,COL,Americas,1
Colombia,2019,1.5,mock,COL,Americas,1
Colombia,2020,1.6,mock,COL,Americas,1
Colombia,2021,1.9,mock,COL,Americas,1
Colombia,2022,1.6,mock,COL,Americas,1
Colombia,2023,1.6,mock,COL,Americas,1
Colombia,2024,1.6,mock,COL,Americas,1
Colombia,2025,1.8,mock,COL,Americas,1
Colombia,2026,2.2,mock,COL,Americas,1
Peru,2018,2.1,mock,PER,Americas,1
Peru,2019,1.9,mock,PER,Americas,1
Peru,2020,1.5,mock,PER,Americas,1
Peru,2021,1.7,mock,PER,Americas,1
Peru,2022,1.5,mock,PER,Americas,1
Peru,2023,1.4,mock,PER,Americas,1
Peru,2024,1.0,mock,PER,Americas,1
Peru,2025,1.2,mock,PER,Americas,1
Peru,2026,1.8,mock,PER,Americas,1
Australia,2018,2.7,mock,AUS,Asia-Pacific,1
Australia,2019,2.8,mock,AUS,Asia-Pacific,1
Australia,2020,2.8,mock,AUS,Asia-Pacific,1
Australia,2021,3.2,mock,AUS,Asia-Pacific,1
Australia,2022,3.5,mock,AUS,Asia-Pacific,1
Australia,2023,3.6,mock,AUS,Asia-Pacific,1
Australia,2024,3.9,mock,AUS,Asia-Pacific,1
Australia,2025,4.3,mock,AUS,Asia-Pacific,1
Australia,2026,4.7,mock,AUS,Asia-Pacific,1
New Zealand,2018,3.9,mock,NZL,Asia-Pacific,1
New Zealand,2019,4.0,mock,NZL,Asia-Pacific,1
New Zealand,2020,4.2,mock,NZL,Asia-Pacific,1
New Zealand,2021,4.3,mock,NZL,Asia-Pacific,1
New Zealand,2022,4.5,mock,NZL,Asia-Pacific,1
New Zealand,2023,4.4,mock,NZL,Asia-Pacific,1
New Zealand,2024,4.5,mock,NZL,Asia-Pacific,1
New Zealand,2025,4.4,mock,NZL,Asia-Pacific,1
New Zealand,2026,4.6,mock,NZL,Asia-Pacific,1
Japan,2018,3.2,mock,JPN,Asia-Pacific,1
Japan,2019,3.3,mock,JPN,Asia-Pacific,1
Japan,2020,3.6,mock,JPN,Asia-Pacific,1
Japan,2021,3.6,mock,JPN,Asia-Pacific,1
Japan,2022,3.5,mock,JPN,Asia-Pacific,1
Japan,2023,3.2,mock,JPN,Asia-Pacific,1
Japan,2024,3.2,mock,JPN,Asia-Pacific,1
Japan,2025,3.0,mock,JPN,Asia-Pacific,1
Japan,2026,3.7,mock,JPN,Asia-Pacific,1
Singapore,2018,2.8,mock,SGP,Asia-Pacific,1
Singapore,2019,2.8,mock,SGP,Asia-Pacific,1
Singapore,2020,2.9,mock,SGP,Asia-Pacific,1
Singapore,2021,2.9,mock,SGP,Asia-Pacific,1
Singapore,2022,3.2,mock,SGP,Asia-Pacific,1
Singapore,2023,3.2,mock,SGP,Asia-Pacific,1
Singapore,2024,3.3,mock,SGP,Asia-Pacific,1
Singapore,2025,3.5,mock,SGP,Asia-Pacific,1
Singapore,2026,4.2,mock,SGP,Asia-Pacific,1
Indonesia,2018,1.8,mock,IDN,Asia-Pacific,1
Indonesia,2019,1.9,mock,IDN,Asia-Pacific,1
Indonesia,2020,1.7,mock,IDN,Asia-Pacific,1
Indonesia,2021,1.6,mock,IDN,Asia-Pacific,1
Indonesia,2022,1.4,mock,IDN,Asia-Pacific,1
Indonesia,2023,1.6,mock,IDN,Asia-Pacific,1
Indonesia,2024,1.7,mock,IDN,Asia-Pacific,1
Indonesia,2025,2.0,mock,IDN,Asia-Pacific,1
Indonesia,2026,2.4,mock,IDN,Asia-Pacific,1
Philippines,2018,2.1,mock,PHL,Asia-Pacific,1
Philippines,2019,2.4,mock,PHL,Asia-Pacific,1
Philippines,2020,2.2,mock,PHL,Asia-Pacific,1
Philippines,2021,2.4,mock,PHL,Asia-Pacific,1
Philippines,2022,2.3,mock,PHL,Asia-Pacific,1
Philippines,2023,2.3,mock,PHL,Asia-Pacific,1
Philippines,2024,2.1,mock,PHL,Asia-Pacific,1
Philippines,2025,2.0,mock,PHL,Asia-Pacific,1
Philippines,2026,2.4,mock,PHL,Asia-Pacific,1
Malaysia,2018,1.3,mock,MYS,Asia-Pacific,1
Malaysia,2019,0.9,mock,MYS,Asia-Pacific,1
Malaysia,2020,0.9,mock,MYS,Asia-Pacific,1
Malaysia,2021,0.8,mock,MYS,Asia-Pacific,1
Malaysia,2022,1.0,mock,MYS,Asia-Pacific,1
Malaysia,2023,1.0,mock,MYS,Asia-Pacific,1
Malaysia,2024,1.0,mock,MYS,Asia-Pacific,1
Malaysia,2025,0.9,mock,MYS,Asia-Pacific,1
Malaysia,2026,1.0,mock,MYS,Asia-Pacific,1
United Arab Emirates,2018,2.3,mock,ARE,Middle East,1
United Arab Emirates,2019,2.4,mock,ARE,Middle East,1
United Arab Emirates,2020,2.5,mock,ARE,Middle East,1
United Arab Emirates,2021,2.5,mock,ARE,Middle East,1
United Arab Emirates,2022,2.3,mock,ARE,Middle East,1
United Arab Emirates,2023,2.2,mock,ARE,Middle East,1
United Arab Emirates,2024,1.8,mock,ARE,Middle East,1
United Arab Emirates,2025,1.9,mock,ARE,Middle East,1
United Arab Emirates,2026,2.0,mock,ARE,Middle East,1
Saudi Arabia,2018,3.0,mock,SAU,Middle East,1
Saudi Arabia,2019,2.9,mock,SAU,Middle East,1
Saudi Arabia,2020,2.7,mock,SAU,Middle East,1
Saudi Arabia,2021,2.7,mock,SAU,Middle East,1
Saudi Arabia,2022,2.9,mock,SAU,Middle East,1
Saudi Arabia,2023,2.8,mock,SAU,Middle East,1
Saudi Arabia,2024,3.0,mock,SAU,Middle East,1
Saudi Arabia,2025,3.0,mock,SAU,Middle East,1
Saudi Arabia,2026,3.8,mock,SAU,Middle East,1
Israel,2018,2.6,mock,ISR,Middle East,1
Israel,2019,2.7,mock,ISR,Middle East,1
Israel,2020,2.9,mock,ISR,Middle East,1
Israel,2021,3.1,mock,ISR,Middle East,1
Israel,2022,2.8,mock,ISR,Middle East,1
Israel,2023,2.9,mock,ISR,Middle East,1
Israel,2024,2.7,mock,ISR,Middle East,1
Israel,2025,2.7,mock,ISR,Middle East,1
Israel,2026,3.0,mock,ISR,Middle East,1
Qatar,2018,4.5,mock,QAT,Middle East,1
Qatar,2019,4.5,mock,QAT,Middle East,1
Qatar,2020,4.6,mock,QAT,Middle East,1
Qatar,2021,4.4,mock,QAT,Middle East,1
Qatar,2022,4.5,mock,QAT,Middle East,1
Qatar,2023,4.5,mock,QAT,Middle East,1
Qatar,2024,4.6,mock,QAT,Middle East,1
Qatar,2025,4.7,mock,QAT,Middle East,1
Qatar,2026,5.2,mock,QAT,Middle East,1
South Africa,2018,3.1,mock,ZAF,Africa,1
South Africa,2019,2.9,mock,ZAF,Africa,1
South Africa,2020,2.8,mock,ZAF,Africa,1
South Africa,2021,2.8,mock,ZAF,Africa,1
South Africa,2022,3.1,mock,ZAF,Africa,1
South Africa,2023,3.3,mock,ZAF,Africa,1
South Africa,2024,3.1,mock,ZAF,Africa,1
South Africa,2025,3.1,mock,ZAF,Africa,1
South Africa,2026,3.3,mock,ZAF,Africa,1
Nigeria,2018,2.1,mock,NGA,Africa,1
Nigeria,2019,2.0,mock,NGA,Africa,1
Nigeria,2020,2.1,mock,NGA,Africa,1
Nigeria,2021,2.2,mock,NGA,Africa,1
Nigeria,2022,2.6,mock,NGA,Africa,1
Nigeria,2023,2.7,mock,NGA,Africa,1
Nigeria,2024,2.6,mock,NGA,Africa,1
Nigeria,2025,2.7,mock,NGA,Africa,1
Nigeria,2026,2.4,mock,NGA,Africa,1
Egypt,2018,2.6,mock,EGY,Africa,1
Egypt,2019,2.6,mock,EGY,Africa,1
Egypt,2020,2.6,mock,EGY,Africa,1
Egypt,2021,2.7,mock,EGY,Africa,1
Egypt,2022,2.7,mock,EGY,Africa,1
Egypt,2023,2.6,mock,EGY,Africa,1
Egypt,2024,2.5,mock,EGY,Africa,1
Egypt,2025,2.7,mock,EGY,Africa,1
Egypt,2026,3.2,mock,EGY,Africa,1
Kenya,2018,1.5,mock,KEN,Africa,1
Kenya,2019,1.2,mock,KEN,Africa,1
Kenya,2020,1.1,mock,KEN,Africa,1
Kenya,2021,1.0,mock,KEN,Africa,1
Kenya,2022,0.9,mock,KEN,Africa,1
Kenya,2023,0.8,mock,KEN,Africa,1
Kenya,2024,0.9,mock,KEN,Africa,1
Kenya,2025,1.0,mock,KEN,Africa,1
Kenya,2026,1.6,mock,KEN,Africa,1
