country,level,direction,rank,occupation,yoy_pct,iso3,region,mock
France,overall,growing,1,Founder,55,FRA,EU27,0
France,overall,growing,2,Co-Founder,10,FRA,EU27,0
France,overall,growing,3,Office Assistant,9,FRA,EU27,0
France,overall,growing,4,Business Development Manager,0,FRA,EU27,0
France,overall,growing,5,Business Specialist,-1,FRA,EU27,0
France,entry,growing,1,Office Assistant,8,FRA,EU27,0
France,entry,growing,2,Sales Specialist,-1,FRA,EU27,0
France,entry,growing,3,Teacher,-11,FRA,EU27,0
France,entry,growing,4,Payroll Accountant,-11,FRA,EU27,0
France,entry,growing,5,Sales Manager,-11,FRA,EU27,0
France,overall,declining,1,Comms Manager,-38,FRA,EU27,0
France,overall,declining,2,Direction Assistant,-39,FRA,EU27,0
France,overall,declining,3,Project Manager,-39,FRA,EU27,0
France,overall,declining,4,Community Manager,-39,FRA,EU27,0
France,overall,declining,5,Employment Consultant,-59,FRA,EU27,0
France,entry,declining,1,Customer Associate,-34,FRA,EU27,0
France,entry,declining,2,Comms Assistant,-35,FRA,EU27,0
France,entry,declining,3,Project Associate,-35,FRA,EU27,0
France,entry,declining,4,Direction Assistant,-39,FRA,EU27,0
France,entry,declining,5,Project Manager,-42,FRA,EU27,0
Germany,overall,growing,1,Founder,47,DEU,EU27,0
Germany,overall,growing,2,Co-Founder,25,DEU,EU27,0
Germany,overall,growing,3,Salesperson,-7,DEU,EU27,0
Germany,overall,growing,4,Account Executive,-9,DEU,EU27,0
Germany,overall,growing,5,System Engineer,-10,DEU,EU27,0
Germany,entry,growing,1,Salesperson,-8,DEU,EU27,0
Germany,entry,growing,2,Postdoc Researcher,-12,DEU,EU27,0
Germany,entry,growing,3,Law Clerk,-14,DEU,EU27,0
Germany,entry,growing,4,Account Manager,-19,DEU,EU27,0
Germany,entry,growing,5,Sales Specialist,-21,DEU,EU27,0
Germany,overall,declining,1,Project Manager,-29,DEU,EU27,0
Germany,overall,declining,2,Head of Sales,-29,DEU,EU27,0
Germany,overall,declining,3,HR Manager,-29,DEU,EU27,0
Germany,overall,declining,4,Product Manager,-30,DEU,EU27,0
Germany,overall,declining,5,Research Assistant,-30,DEU,EU27,0
Germany,entry,declining,1,Project Engineer,-28,DEU,EU27,0
Germany,entry,declining,2,Project Manager,-30,DEU,EU27,0
Germany,entry,declining,3,Software Engineer,-32,DEU,EU27,0
Germany,entry,declining,4,Research Assistant,-33,DEU,EU27,0
Germany,entry,declining,5,Product Manager,-33,DEU,EU27,0
India,overall,growing,1,Program Specialist,82,IND,Asia-Pacific,0
India,overall,growing,2,AI Engineer,68,IND,Asia-Pacific,0
India,overall,growing,3,AI Specialist,49,IND,Asia-Pacific,0
India,overall,growing,4,IT Analyst,39,IND,Asia-Pacific,0
India,overall,growing,5,Founder,37,IND,Asia-Pacific,0
India,entry,growing,1,AI Engineer,55,IND,Asia-Pacific,0
India,entry,growing,2,IT Analyst,43,IND,Asia-Pacific,0
India,entry,growing,3,Campus Ambassador,35,IND,Asia-Pacific,0
India,entry,growing,4,Research Assistant,32,IND,Asia-Pacific,0
India,entry,growing,5,Accountant,12,IND,Asia-Pacific,0
India,overall,declining,1,Project Management Specialist,-39,IND,Asia-Pacific,0
India,overall,declining,2,Manager of Sales,-39,IND,Asia-Pacific,0
India,overall,declining,3,Project Associate,-39,IND,Asia-Pacific,0
India,overall,declining,4,Interface Specialist,-43,IND,Asia-Pacific,0
India,overall,declining,5,UI Designer,-49,IND,Asia-Pacific,0
India,entry,declining,1,Legal Associate,-38,IND,Asia-Pacific,0
India,entry,declining,2,Frontend Developer,-39,IND,Asia-Pacific,0
India,entry,declining,3,QA Specialist,-41,IND,Asia-Pacific,0
India,entry,declining,4,Project Associate,-42,IND,Asia-Pacific,0
India,entry,declining,5,Interface Specialist,-45,IND,Asia-Pacific,0
United Kingdom,overall,growing,1,Founder,53,GBR,Europe (non-EU),0
United Kingdom,overall,growing,2,Finance Specialist,23,GBR,Europe (non-EU),0
United Kingdom,overall,growing,3,Sales Development Representative,19,GBR,Europe (non-EU),0
United Kingdom,overall,growing,4,Co-Founder,10,GBR,Europe (non-EU),0
United Kingdom,overall,growing,5,Sales Assistant,1,GBR,Europe (non-EU),0
United Kingdom,entry,growing,1,Sales Development Representative,22,GBR,Europe (non-EU),0
United Kingdom,entry,growing,2,Sales Assistant,1,GBR,Europe (non-EU),0
United Kingdom,entry,growing,3,Event Specialist,-1,GBR,Europe (non-EU),0
United Kingdom,entry,growing,4,Teaching Assistant,-2,GBR,Europe (non-EU),0
United Kingdom,entry,growing,5,Bartender,-6,GBR,Europe (non-EU),0
United Kingdom,overall,declining,1,Chef,-29,GBR,Europe (non-EU),0
United Kingdom,overall,declining,2,Data Analyst,-30,GBR,Europe (non-EU),0
United Kingdom,overall,declining,3,Owner,-34,GBR,Europe (non-EU),0
United Kingdom,overall,declining,4,Salesperson,-36,GBR,Europe (non-EU),0
United Kingdom,overall,declining,5,Board Member,-40,GBR,Europe (non-EU),0
United Kingdom,entry,declining,1,Project Manager,-23,GBR,Europe (non-EU),0
United Kingdom,entry,declining,2,Marketing Assistant,-23,GBR,Europe (non-EU),0
United Kingdom,entry,declining,3,Software Engineer,-24,GBR,Europe (non-EU),0
United Kingdom,entry,declining,4,Data Analyst,-27,GBR,Europe (non-EU),0
United Kingdom,entry,declining,5,Salesperson,-38,GBR,Europe (non-EU),0
United States,overall,growing,1,Principal,173,USA,Americas,0
United States,overall,growing,2,Growth Specialist,65,USA,Americas,0
United States,overall,growing,3,AI Engineer,64,USA,Americas,0
United States,overall,growing,4,Retail Associate,59,USA,Americas,0
United States,overall,growing,5,Founder,54,USA,Americas,0
United States,entry,growing,1,AI Engineer,62,USA,Americas,0
United States,entry,growing,2,Retail Associate,59,USA,Americas,0
United States,entry,growing,3,Datacenter Technician,34,USA,Americas,0
United States,entry,growing,4,Operations Associate,21,USA,Americas,0
United States,entry,growing,5,Program Specialist,20,USA,Americas,0
United States,overall,declining,1,Nurse Practitioner,-30,USA,Americas,0
United States,overall,declining,2,Real Estate Agent,-33,USA,Americas,0
United States,overall,declining,3,UX Designer,-34,USA,Americas,0
United States,overall,declining,4,Technical Writer,-34,USA,Americas,0
United States,overall,declining,5,IT Consultant,-38,USA,Americas,0
United States,entry,declining,1,Copywriter,-26,USA,Americas,0
United States,entry,declining,2,Product Marketing Manager,-26,USA,Americas,0
United States,entry,declining,3,Pharmacist,-27,USA,Americas,0
United States,entry,declining,4,Digital Marketing Specialist,-31,USA,Americas,0
United States,entry,declining,5,Real Estate Agent,-33,USA,Americas,0
Spain,overall,growing,1,Founder,12,ESP,EU27,1
Spain,overall,growing,2,Sales Specialist,2,ESP,EU27,1
Spain,overall,growing,3,Program Specialist,-3,ESP,EU27,1
Spain,overall,growing,4,Operations Associate,-13,ESP,EU27,1
Spain,overall,growing,5,Principal,-22,ESP,EU27,1
Spain,entry,growing,1,Product Manager,12,ESP,EU27,1
Spain,entry,growing,2,Payroll Accountant,0,ESP,EU27,1
Spain,entry,growing,3,Growth Specialist,-10,ESP,EU27,1
Spain,entry,growing,4,HR Manager,-17,ESP,EU27,1
Spain,entry,growing,5,Nurse Practitioner,-21,ESP,EU27,1
Spain,overall,declining,1,Event Specialist,-36,ESP,EU27,1
Spain,overall,declining,2,Marketing Assistant,-36,ESP,EU27,1
Spain,overall,declining,3,Software Engineer,-38,ESP,EU27,1
Spain,overall,declining,4,Business Development Manager,-42,ESP,EU27,1
Spain,overall,declining,5,Payroll Accountant,-45,ESP,EU27,1
Spain,entry,declining,1,System Engineer,-40,ESP,EU27,1
Spain,entry,declining,2,AI Specialist,-41,ESP,EU27,1
Spain,entry,declining,3,Business Development Manager,-43,ESP,EU27,1
Spain,entry,declining,4,Digital Marketing Specialist,-45,ESP,EU27,1
Spain,entry,declining,5,Project Associate,-47,ESP,EU27,1
Italy,overall,growing,1,Founder,50,ITA,EU27,1
Italy,overall,growing,2,Bartender,38,ITA,EU27,1
Italy,overall,growing,3,Sales Development Representative,27,ITA,EU27,1
Italy,overall,growing,4,Direction Assistant,18,ITA,EU27,1
Italy,overall,growing,5,Business Development Manager,13,ITA,EU27,1
Italy,entry,growing,1,Teaching Assistant,32,ITA,EU27,1
Italy,entry,growing,2,Technical Writer,20,ITA,EU27,1
Italy,entry,growing,3,System Engineer,18,ITA,EU27,1
Italy,entry,growing,4,UX Designer,16,ITA,EU27,1
Italy,entry,growing,5,Growth Specialist,11,ITA,EU27,1
Italy,overall,declining,1,Data Analyst,-33,ITA,EU27,1
Italy,overall,declining,2,Datacenter Technician,-33,ITA,EU27,1
Italy,overall,declining,3,Comms Manager,-34,ITA,EU27,1
Italy,overall,declining,4,UX Designer,-37,ITA,EU27,1
Italy,overall,declining,5,Project Manager,-49,ITA,EU27,1
Italy,entry,declining,1,QA Specialist,-37,ITA,EU27,1
Italy,entry,declining,2,Nurse Practitioner,-39,ITA,EU27,1
Italy,entry,declining,3,Law Clerk,-42,ITA,EU27,1
Italy,entry,declining,4,Product Manager,-45,ITA,EU27,1
Italy,entry,declining,5,Project Associate,-52,ITA,EU27,1
Netherlands,overall,growing,1,Founder,65,NLD,EU27,1
Netherlands,overall,growing,2,Project Associate,50,NLD,EU27,1
Netherlands,overall,growing,3,Project Manager,42,NLD,EU27,1
Netherlands,overall,growing,4,Marketing Assistant,39,NLD,EU27,1
Netherlands,overall,growing,5,IT Analyst,35,NLD,EU27,1
Netherlands,entry,growing,1,Technical Writer,18,NLD,EU27,1
Netherlands,entry,growing,2,Software Engineer,15,NLD,EU27,1
Netherlands,entry,growing,3,System Engineer,10,NLD,EU27,1
Netherlands,entry,growing,4,AI Specialist,6,NLD,EU27,1
Netherlands,entry,growing,5,UX Designer,1,NLD,EU27,1
Netherlands,overall,declining,1,Comms Manager,-37,NLD,EU27,1
Netherlands,overall,declining,2,Comms Assistant,-40,NLD,EU27,1
Netherlands,overall,declining,3,Event Specialist,-40,NLD,EU27,1
Netherlands,overall,declining,4,UX Designer,-43,NLD,EU27,1
Netherlands,overall,declining,5,Bartender,-50,NLD,EU27,1
Netherlands,entry,declining,1,Comms Manager,-35,NLD,EU27,1
Netherlands,entry,declining,2,Nurse Practitioner,-37,NLD,EU27,1
Netherlands,entry,declining,3,Project Manager,-40,NLD,EU27,1
Netherlands,entry,declining,4,Account Manager,-44,NLD,EU27,1
Netherlands,entry,declining,5,Manager of Sales,-48,NLD,EU27,1
Belgium,overall,growing,1,Founder,55,BEL,EU27,1
Belgium,overall,growing,2,Sales Development Representative,50,BEL,EU27,1
Belgium,overall,growing,3,Data Analyst,46,BEL,EU27,1
Belgium,overall,growing,4,Project Engineer,39,BEL,EU27,1
Belgium,overall,growing,5,Head of Sales,32,BEL,EU27,1
Belgium,entry,growing,1,QA Specialist,28,BEL,EU27,1
Belgium,entry,growing,2,Teacher,20,BEL,EU27,1
Belgium,entry,growing,3,Datacenter Technician,19,BEL,EU27,1
Belgium,entry,growing,4,AI Engineer,14,BEL,EU27,1
Belgium,entry,growing,5,Salesperson,11,BEL,EU27,1
Belgium,overall,declining,1,Comms Assistant,-26,BEL,EU27,1
Belgium,overall,declining,2,Datacenter Technician,-29,BEL,EU27,1
Belgium,overall,declining,3,Product Manager,-30,BEL,EU27,1
Belgium,overall,declining,4,Product Marketing Manager,-35,BEL,EU27,1
Belgium,overall,declining,5,Digital Marketing Specialist,-46,BEL,EU27,1
Belgium,entry,declining,1,Product Marketing Manager,-24,BEL,EU27,1
Belgium,entry,declining,2,UX Designer,-24,BEL,EU27,1
Belgium,entry,declining,3,UI Designer,-26,BEL,EU27,1
Belgium,entry,declining,4,Event Specialist,-28,BEL,EU27,1
Belgium,entry,declining,5,Data Analyst,-29,BEL,EU27,1
Sweden,overall,growing,1,Founder,65,SWE,EU27,1
Sweden,overall,growing,2,Retail Associate,57,SWE,EU27,1
Sweden,overall,growing,3,Co-Founder,53,SWE,EU27,1
Sweden,overall,growing,4,Product Marketing Manager,44,SWE,EU27,1
Sweden,overall,growing,5,Owner,38,SWE,EU27,1
Sweden,entry,growing,1,Payroll Accountant,43,SWE,EU27,1
Sweden,entry,growing,2,Growth Specialist,39,SWE,EU27,1
Sweden,entry,growing,3,Business Specialist,32,SWE,EU27,1
Sweden,entry,growing,4,Sales Development Representative,26,SWE,EU27,1
Sweden,entry,growing,5,Operations Associate,24,SWE,EU27,1
Sweden,overall,declining,1,Product Manager,-31,SWE,EU27,1
Sweden,overall,declining,2,Salesperson,-34,SWE,EU27,1
Sweden,overall,declining,3,Project Engineer,-36,SWE,EU27,1
Sweden,overall,declining,4,Marketing Assistant,-38,SWE,EU27,1
Sweden,overall,declining,5,Software Engineer,-50,SWE,EU27,1
Sweden,entry,declining,1,Product Marketing Manager,-32,SWE,EU27,1
Sweden,entry,declining,2,Legal Associate,-32,SWE,EU27,1
Sweden,entry,declining,3,Program Specialist,-33,SWE,EU27,1
Sweden,entry,declining,4,Interface Specialist,-37,SWE,EU27,1
Sweden,entry,declining,5,Technical Writer,-46,SWE,EU27,1
Poland,overall,growing,1,Founder,59,POL,EU27,1
Poland,overall,growing,2,Office Assistant,46,POL,EU27,1
Poland,overall,growing,3,Copywriter,41,POL,EU27,1
Poland,overall,growing,4,AI Engineer,37,POL,EU27,1
Poland,overall,growing,5,Head of Sales,29,POL,EU27,1
Poland,entry,growing,1,IT Analyst,20,POL,EU27,1
Poland,entry,growing,2,Office Assistant,17,POL,EU27,1
Poland,entry,growing,3,Sales Specialist,16,POL,EU27,1
Poland,entry,growing,4,Operations Associate,14,POL,EU27,1
Poland,entry,growing,5,Community Manager,10,POL,EU27,1
Poland,overall,declining,1,Product Manager,-22,POL,EU27,1
Poland,overall,declining,2,Technical Writer,-22,POL,EU27,1
Poland,overall,declining,3,Project Associate,-25,POL,EU27,1
Poland,overall,declining,4,Sales Specialist,-28,POL,EU27,1
Poland,overall,declining,5,Bartender,-36,POL,EU27,1
Poland,entry,declining,1,Finance Specialist,-33,POL,EU27,1
Poland,entry,declining,2,Product Marketing Manager,-35,POL,EU27,1
Poland,entry,declining,3,Technical Writer,-35,POL,EU27,1
Poland,entry,declining,4,AI Specialist,-40,POL,EU27,1
Poland,entry,declining,5,Campus Ambassador,-42,POL,EU27,1
Ireland,overall,growing,1,Founder,30,IRL,EU27,1
Ireland,overall,growing,2,Legal Associate,21,IRL,EU27,1
Ireland,overall,growing,3,Software Engineer,11,IRL,EU27,1
Ireland,overall,growing,4,Project Associate,7,IRL,EU27,1
Ireland,overall,growing,5,Sales Development Representative,-2,IRL,EU27,1
Ireland,entry,growing,1,Finance Specialist,7,IRL,EU27,1
Ireland,entry,growing,2,AI Specialist,-2,IRL,EU27,1
Ireland,entry,growing,3,Digital Marketing Specialist,-7,IRL,EU27,1
Ireland,entry,growing,4,Software Engineer,-12,IRL,EU27,1
Ireland,entry,growing,5,Product Manager,-14,IRL,EU27,1
Ireland,overall,declining,1,Direction Assistant,-32,IRL,EU27,1
Ireland,overall,declining,2,Sales Specialist,-35,IRL,EU27,1
Ireland,overall,declining,3,Co-Founder,-37,IRL,EU27,1
Ireland,overall,declining,4,HR Manager,-42,IRL,EU27,1
Ireland,overall,declining,5,IT Analyst,-48,IRL,EU27,1
Ireland,entry,declining,1,Marketing Assistant,-36,IRL,EU27,1
Ireland,entry,declining,2,Office Assistant,-37,IRL,EU27,1
Ireland,entry,declining,3,Project Manager,-39,IRL,EU27,1
Ireland,entry,declining,4,Comms Assistant,-43,IRL,EU27,1
Ireland,entry,declining,5,Frontend Developer,-51,IRL,EU27,1
Portugal,overall,growing,1,Founder,51,PRT,EU27,1
Portugal,overall,growing,2,Board Member,44,PRT,EU27,1
Portugal,overall,growing,3,Frontend Developer,39,PRT,EU27,1
Portugal,overall,growing,4,Event Specialist,33,PRT,EU27,1
Portugal,overall,growing,5,AI Specialist,30,PRT,EU27,1
Portugal,entry,growing,1,Business Specialist,20,PRT,EU27,1
Portugal,entry,growing,2,QA Specialist,14,PRT,EU27,1
Portugal,entry,growing,3,AI Engineer,9,PRT,EU27,1
Portugal,entry,growing,4,Project Engineer,3,PRT,EU27,1
Portugal,entry,growing,5,Software Engineer,-2,PRT,EU27,1
Portugal,overall,declining,1,Comms Assistant,-29,PRT,EU27,1
Portugal,overall,declining,2,Data Analyst,-31,PRT,EU27,1
Portugal,overall,declining,3,Retail Associate,-31,PRT,EU27,1
Portugal,overall,declining,4,UI Designer,-34,PRT,EU27,1
Portugal,overall,declining,5,Postdoc Researcher,-41,PRT,EU27,1
Portugal,entry,declining,1,Frontend Developer,-28,PRT,EU27,1
Portugal,entry,declining,2,Interface Specialist,-29,PRT,EU27,1
Portugal,entry,declining,3,Bartender,-31,PRT,EU27,1
Portugal,entry,declining,4,Marketing Assistant,-31,PRT,EU27,1
Portugal,entry,declining,5,Sales Specialist,-35,PRT,EU27,1
Denmark,overall,growing,1,Founder,102,DNK,EU27,1
Denmark,overall,growing,2,Business Specialist,80,DNK,EU27,1
Denmark,overall,growing,3,Comms Assistant,75,DNK,EU27,1
Denmark,overall,growing,4,Program Specialist,67,DNK,EU27,1
Denmark,overall,growing,5,Head of Sales,66,DNK,EU27,1
Denmark,entry,growing,1,System Engineer,70,DNK,EU27,1
Denmark,entry,growing,2,Project Manager,56,DNK,EU27,1
Denmark,entry,growing,3,AI Engineer,46,DNK,EU27,1
Denmark,entry,growing,4,Datacenter Technician,40,DNK,EU27,1
Denmark,entry,growing,5,Retail Associate,39,DNK,EU27,1
Denmark,overall,declining,1,Legal Associate,-25,DNK,EU27,1
Denmark,overall,declining,2,UI Designer,-28,DNK,EU27,1
Denmark,overall,declining,3,Nurse Practitioner,-28,DNK,EU27,1
Denmark,overall,declining,4,Technical Writer,-31,DNK,EU27,1
Denmark,overall,declining,5,QA Specialist,-38,DNK,EU27,1
Denmark,entry,declining,1,Digital Marketing Specialist,-21,DNK,EU27,1
Denmark,entry,declining,2,UX Designer,-21,DNK,EU27,1
Denmark,entry,declining,3,Business Specialist,-25,DNK,EU27,1
Denmark,entry,declining,4,HR Manager,-29,DNK,EU27,1
Denmark,entry,declining,5,Frontend Developer,-33,DNK,EU27,1
Austria,overall,growing,1,Founder,80,AUT,EU27,1
Austria,overall,growing,2,Copywriter,58,AUT,EU27,1
Austria,overall,growing,3,Sales Specialist,49,AUT,EU27,1
Austria,overall,growing,4,Salesperson,41,AUT,EU27,1
Austria,overall,growing,5,AI Specialist,36,AUT,EU27,1
Austria,entry,growing,1,UI Designer,58,AUT,EU27,1
Austria,entry,growing,2,Pharmacist,52,AUT,EU27,1
Austria,entry,growing,3,Law Clerk,46,AUT,EU27,1
Austria,entry,growing,4,Business Development Manager,45,AUT,EU27,1
Austria,entry,growing,5,Account Manager,42,AUT,EU27,1
Austria,overall,declining,1,Frontend Developer,-25,AUT,EU27,1
Austria,overall,declining,2,Co-Founder,-28,AUT,EU27,1
Austria,overall,declining,3,Research Assistant,-31,AUT,EU27,1
Austria,overall,declining,4,AI Engineer,-33,AUT,EU27,1
Austria,overall,declining,5,HR Manager,-37,AUT,EU27,1
Austria,entry,declining,1,Copywriter,-22,AUT,EU27,1
Austria,entry,declining,2,System Engineer,-24,AUT,EU27,1
Austria,entry,declining,3,Comms Assistant,-26,AUT,EU27,1
Austria,entry,declining,4,Comms Manager,-31,AUT,EU27,1
Austria,entry,declining,5,Project Manager,-34,AUT,EU27,1
Finland,overall,growing,1,Founder,64,FIN,EU27,1
Finland,overall,growing,2,Salesperson,48,FIN,EU27,1
Finland,overall,growing,3,Comms Manager,36,FIN,EU27,1
Finland,overall,growing,4,Real Estate Agent,28,FIN,EU27,1
Finland,overall,growing,5,AI Engineer,23,FIN,EU27,1
Finland,entry,growing,1,UX Designer,32,FIN,EU27,1
Finland,entry,growing,2,Operations Associate,21,FIN,EU27,1
Finland,entry,growing,3,Product Manager,15,FIN,EU27,1
Finland,entry,growing,4,Research Assistant,14,FIN,EU27,1
Finland,entry,growing,5,Campus Ambassador,12,FIN,EU27,1
Finland,overall,declining,1,Teacher,-23,FIN,EU27,1
Finland,overall,declining,2,Project Engineer,-26,FIN,EU27,1
Finland,overall,declining,3,Copywriter,-28,FIN,EU27,1
Finland,overall,declining,4,Owner,-33,FIN,EU27,1
Finland,overall,declining,5,IT Analyst,-41,FIN,EU27,1
Finland,entry,declining,1,Bartender,-18,FIN,EU27,1
Finland,entry,declining,2,Real Estate Agent,-19,FIN,EU27,1
Finland,entry,declining,3,Datacenter Technician,-20,FIN,EU27,1
Finland,entry,declining,4,Sales Manager,-22,FIN,EU27,1
Finland,entry,declining,5,Product Marketing Manager,-25,FIN,EU27,1
Czechia,overall,growing,1,Founder,63,CZE,EU27,1
Czechia,overall,growing,2,Event Specialist,54,CZE,EU27,1
Czechia,overall,growing,3,Co-Founder,46,CZE,EU27,1
Czechia,overall,growing,4,Direction Assistant,40,CZE,EU27,1
Czechia,overall,growing,5,AI Engineer,33,CZE,EU27,1
Czechia,entry,growing,1,Copywriter,43,CZE,EU27,1
Czechia,entry,growing,2,Salesperson,31,CZE,EU27,1
Czechia,entry,growing,3,IT Consultant,26,CZE,EU27,1
Czechia,entry,growing,4,Technical Writer,18,CZE,EU27,1
Czechia,entry,growing,5,Postdoc Researcher,14,CZE,EU27,1
Czechia,overall,declining,1,Sales Manager,-17,CZE,EU27,1
Czechia,overall,declining,2,Copywriter,-20,CZE,EU27,1
Czechia,overall,declining,3,Accountant,-22,CZE,EU27,1
Czechia,overall,declining,4,Digital Marketing Specialist,-23,CZE,EU27,1
Czechia,overall,declining,5,Owner,-31,CZE,EU27,1
Czechia,entry,declining,1,Employment Consultant,-20,CZE,EU27,1
Czechia,entry,declining,2,Project Associate,-23,CZE,EU27,1
Czechia,entry,declining,3,Comms Manager,-23,CZE,EU27,1
Czechia,entry,declining,4,Interface Specialist,-24,CZE,EU27,1
Czechia,entry,declining,5,IT Analyst,-30,CZE,EU27,1
Romania,overall,growing,1,Founder,22,ROU,EU27,1
Romania,overall,growing,2,Datacenter Technician,15,ROU,EU27,1
Romania,overall,growing,3,Business Development Manager,7,ROU,EU27,1
Romania,overall,growing,4,Project Associate,1,ROU,EU27,1
Romania,overall,growing,5,AI Engineer,-5,ROU,EU27,1
Romania,entry,growing,1,System Engineer,4,ROU,EU27,1
Romania,entry,growing,2,Sales Development Representative,-9,ROU,EU27,1
Romania,entry,growing,3,Project Engineer,-16,ROU,EU27,1
Romania,entry,growing,4,Teacher,-24,ROU,EU27,1
Romania,entry,growing,5,AI Engineer,-24,ROU,EU27,1
Romania,overall,declining,1,Program Specialist,-26,ROU,EU27,1
Romania,overall,declining,2,IT Analyst,-29,ROU,EU27,1
Romania,overall,declining,3,Product Marketing Manager,-29,ROU,EU27,1
Romania,overall,declining,4,Digital Marketing Specialist,-34,ROU,EU27,1
Romania,overall,declining,5,Software Engineer,-45,ROU,EU27,1
Romania,entry,declining,1,Technical Writer,-26,ROU,EU27,1
Romania,entry,declining,2,Teaching Assistant,-28,ROU,EU27,1
Romania,entry,declining,3,Payroll Accountant,-30,ROU,EU27,1
Romania,entry,declining,4,Event Specialist,-31,ROU,EU27,1
Romania,entry,declining,5,Comms Assistant,-33,ROU,EU27,1
Greece,overall,growing,1,Founder,40,GRC,EU27,1
Greece,overall,growing,2,Real Estate Agent,31,GRC,EU27,1
Greece,overall,growing,3,System Engineer,21,GRC,EU27,1
Greece,overall,growing,4,Direction Assistant,13,GRC,EU27,1
Greece,overall,growing,5,Retail Associate,7,GRC,EU27,1
Greece,entry,growing,1,Project Management Specialist,21,GRC,EU27,1
Greece,entry,growing,2,Accountant,19,GRC,EU27,1
Greece,entry,growing,3,Law Clerk,15,GRC,EU27,1
Greece,entry,growing,4,Event Specialist,7,GRC,EU27,1
Greece,entry,growing,5,Project Manager,4,GRC,EU27,1
Greece,overall,declining,1,Marketing Assistant,-31,GRC,EU27,1
Greece,overall,declining,2,Product Manager,-33,GRC,EU27,1
Greece,overall,declining,3,QA Specialist,-35,GRC,EU27,1
Greece,overall,declining,4,Project Manager,-35,GRC,EU27,1
Greece,overall,declining,5,Teaching Assistant,-37,GRC,EU27,1
Greece,entry,declining,1,Employment Consultant,-40,GRC,EU27,1
Greece,entry,declining,2,Campus Ambassador,-42,GRC,EU27,1
Greece,entry,declining,3,Teacher,-43,GRC,EU27,1
Greece,entry,declining,4,Operations Associate,-45,GRC,EU27,1
Greece,entry,declining,5,Technical Writer,-51,GRC,EU27,1
Hungary,overall,growing,1,Founder,35,HUN,EU27,1
Hungary,overall,growing,2,Salesperson,17,HUN,EU27,1
Hungary,overall,growing,3,Datacenter Technician,5,HUN,EU27,1
Hungary,overall,growing,4,Teacher,-3,HUN,EU27,1
Hungary,overall,growing,5,Program Specialist,-8,HUN,EU27,1
Hungary,entry,growing,1,Product Manager,19,HUN,EU27,1
Hungary,entry,growing,2,Payroll Accountant,12,HUN,EU27,1
Hungary,entry,growing,3,Project Engineer,10,HUN,EU27,1
Hungary,entry,growing,4,Office Assistant,7,HUN,EU27,1
Hungary,entry,growing,5,Account Executive,4,HUN,EU27,1
Hungary,overall,declining,1,UI Designer,-25,HUN,EU27,1
Hungary,overall,declining,2,Sales Specialist,-26,HUN,EU27,1
Hungary,overall,declining,3,Project Associate,-29,HUN,EU27,1
Hungary,overall,declining,4,Real Estate Agent,-32,HUN,EU27,1
Hungary,overall,declining,5,AI Engineer,-40,HUN,EU27,1
Hungary,entry,declining,1,Digital Marketing Specialist,-21,HUN,EU27,1
Hungary,entry,declining,2,AI Engineer,-24,HUN,EU27,1
Hungary,entry,declining,3,Research Assistant,-27,HUN,EU27,1
Hungary,entry,declining,4,Product Marketing Manager,-29,HUN,EU27,1
Hungary,entry,declining,5,Project Manager,-32,HUN,EU27,1
Bulgaria,overall,growing,1,Founder,31,BGR,EU27,1
Bulgaria,overall,growing,2,Technical Writer,18,BGR,EU27,1
Bulgaria,overall,growing,3,AI Engineer,16,BGR,EU27,1
Bulgaria,overall,growing,4,Office Assistant,13,BGR,EU27,1
Bulgaria,overall,growing,5,Operations Associate,12,BGR,EU27,1
Bulgaria,entry,growing,1,QA Specialist,21,BGR,EU27,1
Bulgaria,entry,growing,2,Teacher,19,BGR,EU27,1
Bulgaria,entry,growing,3,IT Analyst,14,BGR,EU27,1
Bulgaria,entry,growing,4,Salesperson,9,BGR,EU27,1
Bulgaria,entry,growing,5,AI Engineer,7,BGR,EU27,1
Bulgaria,overall,declining,1,Direction Assistant,-31,BGR,EU27,1
Bulgaria,overall,declining,2,Campus Ambassador,-31,BGR,EU27,1
Bulgaria,overall,declining,3,Frontend Developer,-34,BGR,EU27,1
Bulgaria,overall,declining,4,Project Management Specialist,-39,BGR,EU27,1
Bulgaria,overall,declining,5,Sales Manager,-52,BGR,EU27,1
Bulgaria,entry,declining,1,Product Manager,-31,BGR,EU27,1
Bulgaria,entry,declining,2,Copywriter,-34,BGR,EU27,1
Bulgaria,entry,declining,3,Marketing Assistant,-36,BGR,EU27,1
Bulgaria,entry,declining,4,Project Engineer,-38,BGR,EU27,1
Bulgaria,entry,declining,5,Campus Ambassador,-41,BGR,EU27,1
Croatia,overall,growing,1,Frontend Developer,64,HRV,EU27,1
Croatia,overall,growing,2,Project Manager,51,HRV,EU27,1
Croatia,overall,growing,3,Copywriter,46,HRV,EU27,1
Croatia,overall,growing,4,Project Engineer,40,HRV,EU27,1
Croatia,overall,growing,5,Office Assistant,35,HRV,EU27,1
Croatia,entry,growing,1,Direction Assistant,27,HRV,EU27,1
Croatia,entry,growing,2,Business Development Manager,21,HRV,EU27,1
Croatia,entry,growing,3,IT Consultant,20,HRV,EU27,1
Croatia,entry,growing,4,Sales Development Representative,17,HRV,EU27,1
Croatia,entry,growing,5,Comms Manager,12,HRV,EU27,1
Croatia,overall,declining,1,Postdoc Researcher,-24,HRV,EU27,1
Croatia,overall,declining,2,Teaching Assistant,-24,HRV,EU27,1
Croatia,overall,declining,3,Project Associate,-25,HRV,EU27,1
Croatia,overall,declining,4,Sales Manager,-27,HRV,EU27,1
Croatia,overall,declining,5,Product Manager,-35,HRV,EU27,1
Croatia,entry,declining,1,Research Assistant,-23,HRV,EU27,1
Croatia,entry,declining,2,Product Marketing Manager,-25,HRV,EU27,1
Croatia,entry,declining,3,Marketing Assistant,-26,HRV,EU27,1
Croatia,entry,declining,4,Accountant,-28,HRV,EU27,1
Croatia,entry,declining,5,Interface Specialist,-38,HRV,EU27,1
Slovakia,overall,growing,1,Founder,73,SVK,EU27,1
Slovakia,overall,growing,2,Account Executive,54,SVK,EU27,1
Slovakia,overall,growing,3,Co-Founder,45,SVK,EU27,1
Slovakia,overall,growing,4,Retail Associate,42,SVK,EU27,1
Slovakia,overall,growing,5,Datacenter Technician,35,SVK,EU27,1
Slovakia,entry,growing,1,IT Analyst,27,SVK,EU27,1
Slovakia,entry,growing,2,Comms Manager,17,SVK,EU27,1
Slovakia,entry,growing,3,AI Specialist,10,SVK,EU27,1
Slovakia,entry,growing,4,Retail Associate,3,SVK,EU27,1
Slovakia,entry,growing,5,Comms Assistant,-3,SVK,EU27,1
Slovakia,overall,declining,1,Direction Assistant,-24,SVK,EU27,1
Slovakia,overall,declining,2,Sales Development Representative,-25,SVK,EU27,1
Slovakia,overall,declining,3,AI Engineer,-26,SVK,EU27,1
Slovakia,overall,declining,4,Project Associate,-27,SVK,EU27,1
Slovakia,overall,declining,5,Comms Assistant,-40,SVK,EU27,1
Slovakia,entry,declining,1,Nurse Practitioner,-19,SVK,EU27,1
Slovakia,entry,declining,2,Bartender,-22,SVK,EU27,1
Slovakia,entry,declining,3,Project Manager,-24,SVK,EU27,1
Slovakia,entry,declining,4,Interface Specialist,-25,SVK,EU27,1
Slovakia,entry,declining,5,Event Specialist,-35,SVK,EU27,1
Lithuania,overall,growing,1,Founder,73,LTU,EU27,1
Lithuania,overall,growing,2,Real Estate Agent,58,LTU,EU27,1
Lithuania,overall,growing,3,Account Executive,46,LTU,EU27,1
Lithuania,overall,growing,4,Sales Manager,39,LTU,EU27,1
Lithuania,overall,growing,5,Data Analyst,38,LTU,EU27,1
Lithuania,entry,growing,1,Payroll Accountant,27,LTU,EU27,1
Lithuania,entry,growing,2,Community Manager,23,LTU,EU27,1
Lithuania,entry,growing,3,Comms Manager,13,LTU,EU27,1
Lithuania,entry,growing,4,Frontend Developer,7,LTU,EU27,1
Lithuania,entry,growing,5,Comms Assistant,7,LTU,EU27,1
Lithuania,overall,declining,1,Owner,-29,LTU,EU27,1
Lithuania,overall,declining,2,Software Engineer,-31,LTU,EU27,1
Lithuania,overall,declining,3,UX Designer,-33,LTU,EU27,1
Lithuania,overall,declining,4,Salesperson,-37,LTU,EU27,1
Lithuania,overall,declining,5,Project Engineer,-49,LTU,EU27,1
Lithuania,entry,declining,1,Copywriter,-24,LTU,EU27,1
Lithuania,entry,declining,2,Postdoc Researcher,-26,LTU,EU27,1
Lithuania,entry,declining,3,HR Manager,-28,LTU,EU27,1
Lithuania,entry,declining,4,Business Specialist,-32,LTU,EU27,1
Lithuania,entry,declining,5,Nurse Practitioner,-42,LTU,EU27,1
Estonia,overall,growing,1,Finance Specialist,28,EST,EU27,1
Estonia,overall,growing,2,Payroll Accountant,22,EST,EU27,1
Estonia,overall,growing,3,Head of Sales,8,EST,EU27,1
Estonia,overall,growing,4,Office Assistant,2,EST,EU27,1
Estonia,overall,growing,5,Accountant,-2,EST,EU27,1
Estonia,entry,growing,1,Interface Specialist,16,EST,EU27,1
Estonia,entry,growing,2,AI Specialist,15,EST,EU27,1
Estonia,entry,growing,3,Growth Specialist,6,EST,EU27,1
Estonia,entry,growing,4,Law Clerk,4,EST,EU27,1
Estonia,entry,growing,5,System Engineer,-2,EST,EU27,1
Estonia,overall,declining,1,Teacher,-33,EST,EU27,1
Estonia,overall,declining,2,Research Assistant,-35,EST,EU27,1
Estonia,overall,declining,3,Data Analyst,-37,EST,EU27,1
Estonia,overall,declining,4,UX Designer,-38,EST,EU27,1
Estonia,overall,declining,5,Marketing Assistant,-40,EST,EU27,1
Estonia,entry,declining,1,UI Designer,-29,EST,EU27,1
Estonia,entry,declining,2,Data Analyst,-32,EST,EU27,1
Estonia,entry,declining,3,Sales Manager,-34,EST,EU27,1
Estonia,entry,declining,4,Comms Manager,-37,EST,EU27,1
Estonia,entry,declining,5,Frontend Developer,-45,EST,EU27,1
Switzerland,overall,growing,1,Real Estate Agent,54,CHE,Europe (non-EU),1
Switzerland,overall,growing,2,AI Engineer,43,CHE,Europe (non-EU),1
Switzerland,overall,growing,3,Program Specialist,40,CHE,Europe (non-EU),1
Switzerland,overall,growing,4,Project Associate,38,CHE,Europe (non-EU),1
Switzerland,overall,growing,5,Sales Specialist,30,CHE,Europe (non-EU),1
Switzerland,entry,growing,1,IT Analyst,22,CHE,Europe (non-EU),1
Switzerland,entry,growing,2,Product Marketing Manager,11,CHE,Europe (non-EU),1
Switzerland,entry,growing,3,Frontend Developer,4,CHE,Europe (non-EU),1
Switzerland,entry,growing,4,Technical Writer,-3,CHE,Europe (non-EU),1
Switzerland,entry,growing,5,Manager of Sales,-5,CHE,Europe (non-EU),1
Switzerland,overall,declining,1,Product Marketing Manager,-33,CHE,Europe (non-EU),1
Switzerland,overall,declining,2,Technical Writer,-35,CHE,Europe (non-EU),1
Switzerland,overall,declining,3,System Engineer,-38,CHE,Europe (non-EU),1
Switzerland,overall,declining,4,Marketing Assistant,-40,CHE,Europe (non-EU),1
Switzerland,overall,declining,5,Nurse Practitioner,-41,CHE,Europe (non-EU),1
Switzerland,entry,declining,1,Project Associate,-30,CHE,Europe (non-EU),1
Switzerland,entry,declining,2,Sales Specialist,-31,CHE,Europe (non-EU),1
Switzerland,entry,declining,3,Interface Specialist,-33,CHE,Europe (non-EU),1
Switzerland,entry,declining,4,Project Manager,-36,CHE,Europe (non-EU),1
Switzerland,entry,declining,5,Community Manager,-45,CHE,Europe (non-EU),1
Norway,overall,growing,1,Nurse Practitioner,45,NOR,Europe (non-EU),1
Norway,overall,growing,2,Direction Assistant,24,NOR,Europe (non-EU),1
Norway,overall,growing,3,Project Management Specialist,22,NOR,Europe (non-EU),1
Norway,overall,growing,4,Community Manager,14,NOR,Europe (non-EU),1
Norway,overall,growing,5,Founder,6,NOR,Europe (non-EU),1
Norway,entry,growing,1,Growth Specialist,34,NOR,Europe (non-EU),1
Norway,entry,growing,2,Teacher,32,NOR,Europe (non-EU),1
Norway,entry,growing,3,Program Specialist,30,NOR,Europe (non-EU),1
Norway,entry,growing,4,Pharmacist,25,NOR,Europe (non-EU),1
Norway,entry,growing,5,Account Manager,22,NOR,Europe (non-EU),1
Norway,overall,declining,1,Sales Specialist,-32,NOR,Europe (non-EU),1
Norway,overall,declining,2,Technical Writer,-35,NOR,Europe (non-EU),1
Norway,overall,declining,3,Business Specialist,-36,NOR,Europe (non-EU),1
Norway,overall,declining,4,Frontend Developer,-36,NOR,Europe (non-EU),1
Norway,overall,declining,5,Interface Specialist,-41,NOR,Europe (non-EU),1
Norway,entry,declining,1,QA Specialist,-27,NOR,Europe (non-EU),1
Norway,entry,declining,2,Manager of Sales,-28,NOR,Europe (non-EU),1
Norway,entry,declining,3,UX Designer,-29,NOR,Europe (non-EU),1
Norway,entry,declining,4,AI Specialist,-31,NOR,Europe (non-EU),1
Norway,entry,declining,5,Copywriter,-38,NOR,Europe (non-EU),1
Turkey,overall,growing,1,Founder,52,TUR,Europe (non-EU),1
Turkey,overall,growing,2,IT Consultant,44,TUR,Europe (non-EU),1
Turkey,overall,growing,3,Customer Associate,42,TUR,Europe (non-EU),1
Turkey,overall,growing,4,Nurse Practitioner,40,TUR,Europe (non-EU),1
Turkey,overall,growing,5,Bartender,36,TUR,Europe (non-EU),1
Turkey,entry,growing,1,Retail Associate,36,TUR,Europe (non-EU),1
Turkey,entry,growing,2,Digital Marketing Specialist,33,TUR,Europe (non-EU),1
Turkey,entry,growing,3,UI Designer,25,TUR,Europe (non-EU),1
Turkey,entry,growing,4,Accountant,24,TUR,Europe (non-EU),1
Turkey,entry,growing,5,Legal Associate,19,TUR,Europe (non-EU),1
Turkey,overall,declining,1,UX Designer,-26,TUR,Europe (non-EU),1
Turkey,overall,declining,2,Business Development Manager,-28,TUR,Europe (non-EU),1
Turkey,overall,declining,3,Chef,-29,TUR,Europe (non-EU),1
Turkey,overall,declining,4,Datacenter Technician,-30,TUR,Europe (non-EU),1
Turkey,overall,declining,5,Project Engineer,-38,TUR,Europe (non-EU),1
Turkey,entry,declining,1,Technical Writer,-24,TUR,Europe (non-EU),1
Turkey,entry,declining,2,Project Associate,-26,TUR,Europe (non-EU),1
Turkey,entry,declining,3,Employment Consultant,-28,TUR,Europe (non-EU),1
Turkey,entry,declining,4,Project Manager,-28,TUR,Europe (non-EU),1
Turkey,entry,declining,5,Copywriter,-31,TUR,Europe (non-EU),1
Canada,overall,growing,1,Founder,72,CAN,Americas,1
Canada,overall,growing,2,Data Analyst,52,CAN,Americas,1
Canada,overall,growing,3,Digital Marketing Specialist,48,CAN,Americas,1
Canada,overall,growing,4,Manager of Sales,42,CAN,Americas,1
Canada,overall,growing,5,Employment Consultant,36,CAN,Americas,1
Canada,entry,growing,1,Sales Development Representative,30,CAN,Americas,1
Canada,entry,growing,2,Pharmacist,22,CAN,Americas,1
Canada,entry,growing,3,Direction Assistant,21,CAN,Americas,1
Canada,entry,growing,4,Campus Ambassador,21,CAN,Americas,1
Canada,entry,growing,5,Datacenter Technician,19,CAN,Americas,1
Canada,overall,declining,1,Technical Writer,-27,CAN,Americas,1
Canada,overall,declining,2,Accountant,-29,CAN,Americas,1
Canada,overall,declining,3,Project Associate,-32,CAN,Americas,1
Canada,overall,declining,4,Board Member,-35,CAN,Americas,1
Canada,overall,declining,5,Marketing Assistant,-43,CAN,Americas,1
Canada,entry,declining,1,Accountant,-18,CAN,Americas,1
Canada,entry,declining,2,Frontend Developer,-18,CAN,Americas,1
Canada,entry,declining,3,Business Specialist,-22,CAN,Americas,1
Canada,entry,declining,4,Project Management Specialist,-23,CAN,Americas,1
Canada,entry,declining,5,Teaching Assistant,-30,CAN,Americas,1
Mexico,overall,growing,1,Founder,81,MEX,Americas,1
Mexico,overall,growing,2,Account Executive,72,MEX,Americas,1
Mexico,overall,growing,3,Sales Development Representative,65,MEX,Americas,1
Mexico,overall,growing,4,QA Specialist,64,MEX,Americas,1
Mexico,overall,growing,5,Datacenter Technician,60,MEX,Americas,1
Mexico,entry,growing,1,Account Manager,40,MEX,Americas,1
Mexico,entry,growing,2,Real Estate Agent,33,MEX,Americas,1
Mexico,entry,growing,3,Business Development Manager,27,MEX,Americas,1
Mexico,entry,growing,4,IT Analyst,24,MEX,Americas,1
Mexico,entry,growing,5,HR Manager,20,MEX,Americas,1
Mexico,overall,declining,1,Technical Writer,-20,MEX,Americas,1
Mexico,overall,declining,2,UX Designer,-22,MEX,Americas,1
Mexico,overall,declining,3,Project Manager,-23,MEX,Americas,1
Mexico,overall,declining,4,HR Manager,-27,MEX,Americas,1
Mexico,overall,declining,5,Data Analyst,-38,MEX,Americas,1
Mexico,entry,declining,1,Operations Associate,-25,MEX,Americas,1
Mexico,entry,declining,2,Sales Assistant,-25,MEX,Americas,1
Mexico,entry,declining,3,Digital Marketing Specialist,-25,MEX,Americas,1
Mexico,entry,declining,4,Growth Specialist,-29,MEX,Americas,1
Mexico,entry,declining,5,Nurse Practitioner,-39,MEX,Americas,1
Brazil,overall,growing,1,IT Analyst,25,BRA,Americas,1
Brazil,overall,growing,2,Office Assistant,16,BRA,Americas,1
Brazil,overall,growing,3,Owner,9,BRA,Americas,1
Brazil,overall,growing,4,Co-Founder,3,BRA,Americas,1
Brazil,overall,growing,5,AI Specialist,0,BRA,Americas,1
Brazil,entry,growing,1,Growth Specialist,4,BRA,Americas,1
Brazil,entry,growing,2,Marketing Assistant,-1,BRA,Americas,1
Brazil,entry,growing,3,UI Designer,-10,BRA,Americas,1
Brazil,entry,growing,4,Comms Manager,-14,BRA,Americas,1
Brazil,entry,growing,5,Salesperson,-15,BRA,Americas,1
Brazil,overall,declining,1,HR Manager,-32,BRA,Americas,1
Brazil,overall,declining,2,Sales Specialist,-34,BRA,Americas,1
Brazil,overall,declining,3,Technical Writer,-35,BRA,Americas,1
Brazil,overall,declining,4,Finance Specialist,-38,BRA,Americas,1
Brazil,overall,declining,5,QA Specialist,-40,BRA,Americas,1
Brazil,entry,declining,1,AI Engineer,-34,BRA,Americas,1
Brazil,entry,declining,2,Project Associate,-36,BRA,Americas,1
Brazil,entry,declining,3,Technical Writer,-37,BRA,Americas,1
Brazil,entry,declining,4,Real Estate Agent,-42,BRA,Americas,1
Brazil,entry,declining,5,Direction Assistant,-44,BRA,Americas,1
Argentina,overall,growing,1,Business Development Manager,39,ARG,Americas,1
Argentina,overall,growing,2,AI Engineer,30,ARG,Americas,1
Argentina,overall,growing,3,Sales Specialist,16,ARG,Americas,1
Argentina,overall,growing,4,Sales Manager,11,ARG,Americas,1
Argentina,overall,growing,5,Sales Development Representative,8,ARG,Americas,1
Argentina,entry,growing,1,AI Specialist,11,ARG,Americas,1
Argentina,entry,growing,2,Software Engineer,-1,ARG,Americas,1
Argentina,entry,growing,3,Teaching Assistant,-10,ARG,Americas,1
Argentina,entry,growing,4,Law Clerk,-16,ARG,Americas,1
Argentina,entry,growing,5,Research Assistant,-22,ARG,Americas,1
Argentina,overall,declining,1,Marketing Assistant,-32,ARG,Americas,1
Argentina,overall,declining,2,QA Specialist,-34,ARG,Americas,1
Argentina,overall,declining,3,Project Management Specialist,-35,ARG,Americas,1
Argentina,overall,declining,4,Data Analyst,-39,ARG,Americas,1
Argentina,overall,declining,5,Accountant,-48,ARG,Americas,1
Argentina,entry,declining,1,Product Manager,-26,ARG,Americas,1
Argentina,entry,declining,2,Payroll Accountant,-28,ARG,Americas,1
Argentina,entry,declining,3,UX Designer,-32,ARG,Americas,1
Argentina,entry,declining,4,Nurse Practitioner,-36,ARG,Americas,1
Argentina,entry,declining,5,Marketing Assistant,-41,ARG,Americas,1
Chile,overall,growing,1,Founder,88,CHL,Americas,1
Chile,overall,growing,2,Sales Development Representative,79,CHL,Americas,1
Chile,overall,growing,3,AI Specialist,74,CHL,Americas,1
Chile,overall,growing,4,Product Manager,66,CHL,Americas,1
Chile,overall,growing,5,Salesperson,59,CHL,Americas,1
Chile,entry,growing,1,Software Engineer,28,CHL,Americas,1
Chile,entry,growing,2,Community Manager,17,CHL,Americas,1
Chile,entry,growing,3,Project Associate,14,CHL,Americas,1
Chile,entry,growing,4,UI Designer,6,CHL,Americas,1
Chile,entry,growing,5,Project Engineer,4,CHL,Americas,1
Chile,overall,declining,1,Pharmacist,-21,CHL,Americas,1
Chile,overall,declining,2,HR Manager,-22,CHL,Americas,1
Chile,overall,declining,3,Project Manager,-24,CHL,Americas,1
Chile,overall,declining,4,Office Assistant,-29,CHL,Americas,1
Chile,overall,declining,5,Head of Sales,-31,CHL,Americas,1
Chile,entry,declining,1,IT Analyst,-21,CHL,Americas,1
Chile,entry,declining,2,Interface Specialist,-22,CHL,Americas,1
Chile,entry,declining,3,Campus Ambassador,-23,CHL,Americas,1
Chile,entry,declining,4,Digital Marketing Specialist,-27,CHL,Americas,1
Chile,entry,declining,5,Account Executive,-35,CHL,Americas,1
Colombia,overall,growing,1,Marketing Assistant,50,COL,Americas,1
Colombia,overall,growing,2,Accountant,43,COL,Americas,1
Colombia,overall,growing,3,Founder,33,COL,Americas,1
Colombia,overall,growing,4,UI Designer,28,COL,Americas,1
Colombia,overall,growing,5,Salesperson,19,COL,Americas,1
Colombia,entry,growing,1,Direction Assistant,25,COL,Americas,1
Colombia,entry,growing,2,HR Manager,13,COL,Americas,1
Colombia,entry,growing,3,Payroll Accountant,8,COL,Americas,1
Colombia,entry,growing,4,Bartender,0,COL,Americas,1
Colombia,entry,growing,5,Datacenter Technician,-2,COL,Americas,1
Colombia,overall,declining,1,Real Estate Agent,-30,COL,Americas,1
Colombia,overall,declining,2,Comms Assistant,-30,COL,Americas,1
Colombia,overall,declining,3,Digital Marketing Specialist,-31,COL,Americas,1
Colombia,overall,declining,4,Event Specialist,-32,COL,Americas,1
Colombia,overall,declining,5,Technical Writer,-42,COL,Americas,1
Colombia,entry,declining,1,Copywriter,-28,COL,Americas,1
Colombia,entry,declining,2,Comms Assistant,-29,COL,Americas,1
Colombia,entry,declining,3,Chef,-29,COL,Americas,1
Colombia,entry,declining,4,Sales Specialist,-34,COL,Americas,1
Colombia,entry,declining,5,System Engineer,-44,COL,Americas,1
Peru,overall,growing,1,Interface Specialist,49,PER,Americas,1
Peru,overall,growing,2,Sales Development Representative,39,PER,Americas,1
Peru,overall,growing,3,Data Analyst,27,PER,Americas,1
Peru,overall,growing,4,Teacher,20,PER,Americas,1
Peru,overall,growing,5,Product Marketing Manager,14,PER,Americas,1
Peru,entry,growing,1,Program Specialist,27,PER,Americas,1
Peru,entry,growing,2,Payroll Accountant,21,PER,Americas,1
Peru,entry,growing,3,Project Manager,14,PER,Americas,1
Peru,entry,growing,4,Pharmacist,13,PER,Americas,1
Peru,entry,growing,5,System Engineer,10,PER,Americas,1
Peru,overall,declining,1,Product Manager,-31,PER,Americas,1
Peru,overall,declining,2,Software Engineer,-31,PER,Americas,1
Peru,overall,declining,3,Principal,-32,PER,Americas,1
Peru,overall,declining,4,System Engineer,-34,PER,Americas,1
Peru,overall,declining,5,Sales Manager,-43,PER,Americas,1
Peru,entry,declining,1,Research Assistant,-25,PER,Americas,1
Peru,entry,declining,2,Sales Assistant,-27,PER,Americas,1
Peru,entry,declining,3,Employment Consultant,-29,PER,Americas,1
Peru,entry,declining,4,Community Manager,-32,PER,Americas,1
Peru,entry,declining,5,UI Designer,-36,PER,Americas,1
Australia,overall,growing,1,Founder,60,AUS,Asia-Pacific,1
Australia,overall,growing,2,Account Manager,47,AUS,Asia-Pacific,1
Australia,overall,growing,3,Teacher,34,AUS,Asia-Pacific,1
Australia,overall,growing,4,Payroll Accountant,31,AUS,Asia-Pacific,1
Australia,overall,growing,5,Frontend Developer,23,AUS,Asia-Pacific,1
Australia,entry,growing,1,Data Analyst,35,AUS,Asia-Pacific,1
Australia,entry,growing,2,Project Associate,32,AUS,Asia-Pacific,1
Australia,entry,growing,3,Project Management Specialist,28,AUS,Asia-Pacific,1
Australia,entry,growing,4,Bartender,25,AUS,Asia-Pacific,1
Australia,entry,growing,5,Technical Writer,19,AUS,Asia-Pacific,1
Australia,overall,declining,1,Business Specialist,-28,AUS,Asia-Pacific,1
Australia,overall,declining,2,Digital Marketing Specialist,-29,AUS,Asia-Pacific,1
Australia,overall,declining,3,Project Engineer,-31,AUS,Asia-Pacific,1
Australia,overall,declining,4,Office Assistant,-33,AUS,Asia-Pacific,1
Australia,overall,declining,5,Marketing Assistant,-43,AUS,Asia-Pacific,1
Australia,entry,declining,1,Marketing Assistant,-24,AUS,Asia-Pacific,1
Australia,entry,declining,2,Account Executive,-26,AUS,Asia-Pacific,1
Australia,entry,declining,3,Nurse Practitioner,-30,AUS,Asia-Pacific,1
Australia,entry,declining,4,Comms Manager,-33,AUS,Asia-Pacific,1
Australia,entry,declining,5,Software Engineer,-41,AUS,Asia-Pacific,1
New Zealand,overall,growing,1,Product Manager,49,NZL,Asia-Pacific,1
New Zealand,overall,growing,2,Software Engineer,35,NZL,Asia-Pacific,1
New Zealand,overall,growing,3,Frontend Developer,28,NZL,Asia-Pacific,1
New Zealand,overall,growing,4,Account Manager,27,NZL,Asia-Pacific,1
New Zealand,overall,growing,5,Co-Founder,18,NZL,Asia-Pacific,1
New Zealand,entry,growing,1,Retail Associate,25,NZL,Asia-Pacific,1
New Zealand,entry,growing,2,Technical Writer,22,NZL,Asia-Pacific,1
New Zealand,entry,growing,3,Project Management Specialist,18,NZL,Asia-Pacific,1
New Zealand,entry,growing,4,Payroll Accountant,11,NZL,Asia-Pacific,1
New Zealand,entry,growing,5,Event Specialist,8,NZL,Asia-Pacific,1
New Zealand,overall,declining,1,AI Specialist,-27,NZL,Asia-Pacific,1
New Zealand,overall,declining,2,Manager of Sales,-28,NZL,Asia-Pacific,1
New Zealand,overall,declining,3,Head of Sales,-29,NZL,Asia-Pacific,1
New Zealand,overall,declining,4,Principal,-33,NZL,Asia-Pacific,1
New Zealand,overall,declining,5,Teaching Assistant,-43,NZL,Asia-Pacific,1
New Zealand,entry,declining,1,Direction Assistant,-27,NZL,Asia-Pacific,1
New Zealand,entry,declining,2,Project Associate,-30,NZL,Asia-Pacific,1
New Zealand,entry,declining,3,Digital Marketing Specialist,-31,NZL,Asia-Pacific,1
New Zealand,entry,declining,4,Salesperson,-36,NZL,Asia-Pacific,1
New Zealand,entry,declining,5,QA Specialist,-41,NZL,Asia-Pacific,1
Japan,overall,growing,1,Founder,63,JPN,Asia-Pacific,1
Japan,overall,growing,2,Bartender,47,JPN,Asia-Pacific,1
Japan,overall,growing,3,Payroll Accountant,38,JPN,Asia-Pacific,1
Japan,overall,growing,4,Sales Development Representative,28,JPN,Asia-Pacific,1
Japan,overall,growing,5,Retail Associate,23,JPN,Asia-Pacific,1
Japan,entry,growing,1,Account Executive,35,JPN,Asia-Pacific,1
Japan,entry,growing,2,Sales Specialist,27,JPN,Asia-Pacific,1
Japan,entry,growing,3,Software Engineer,23,JPN,Asia-Pacific,1
Japan,entry,growing,4,Project Manager,18,JPN,Asia-Pacific,1
Japan,entry,growing,5,Project Engineer,16,JPN,Asia-Pacific,1
Japan,overall,declining,1,Comms Assistant,-38,JPN,Asia-Pacific,1
Japan,overall,declining,2,Event Specialist,-40,JPN,Asia-Pacific,1
Japan,overall,declining,3,UX Designer,-41,JPN,Asia-Pacific,1
Japan,overall,declining,4,Nurse Practitioner,-41,JPN,Asia-Pacific,1
Japan,overall,declining,5,Copywriter,-54,JPN,Asia-Pacific,1
Japan,entry,declining,1,Office Assistant,-36,JPN,Asia-Pacific,1
Japan,entry,declining,2,Comms Assistant,-37,JPN,Asia-Pacific,1
Japan,entry,declining,3,UI Designer,-38,JPN,Asia-Pacific,1
Japan,entry,declining,4,Technical Writer,-41,JPN,Asia-Pacific,1
Japan,entry,declining,5,Copywriter,-51,JPN,Asia-Pacific,1
Singapore,overall,growing,1,Founder,44,SGP,Asia-Pacific,1
Singapore,overall,growing,2,AI Specialist,38,SGP,Asia-Pacific,1
Singapore,overall,growing,3,Direction Assistant,27,SGP,Asia-Pacific,1
Singapore,overall,growing,4,Program Specialist,22,SGP,Asia-Pacific,1
Singapore,overall,growing,5,QA Specialist,16,SGP,Asia-Pacific,1
Singapore,entry,growing,1,Finance Specialist,37,SGP,Asia-Pacific,1
Singapore,entry,growing,2,Program Specialist,33,SGP,Asia-Pacific,1
Singapore,entry,growing,3,AI Specialist,26,SGP,Asia-Pacific,1
Singapore,entry,growing,4,Account Executive,19,SGP,Asia-Pacific,1
Singapore,entry,growing,5,Software Engineer,13,SGP,Asia-Pacific,1
Singapore,overall,declining,1,Project Management Specialist,-26,SGP,Asia-Pacific,1
Singapore,overall,declining,2,Event Specialist,-27,SGP,Asia-Pacific,1
Singapore,overall,declining,3,UX Designer,-27,SGP,Asia-Pacific,1
Singapore,overall,declining,4,Operations Associate,-32,SGP,Asia-Pacific,1
Singapore,overall,declining,5,Law Clerk,-43,SGP,Asia-Pacific,1
Singapore,entry,declining,1,Office Assistant,-23,SGP,Asia-Pacific,1
Singapore,entry,declining,2,Data Analyst,-24,SGP,Asia-Pacific,1
Singapore,entry,declining,3,Business Specialist,-26,SGP,Asia-Pacific,1
Singapore,entry,declining,4,Campus Ambassador,-27,SGP,Asia-Pacific,1
Singapore,entry,declining,5,Project Associate,-34,SGP,Asia-Pacific,1
Indonesia,overall,growing,1,Founder,18,IDN,Asia-Pacific,1
Indonesia,overall,growing,2,Copywriter,3,IDN,Asia-Pacific,1
Indonesia,overall,growing,3,Sales Specialist,-5,IDN,Asia-Pacific,1
Indonesia,overall,growing,4,Principal,-13,IDN,Asia-Pacific,1
Indonesia,overall,growing,5,System Engineer,-20,IDN,Asia-Pacific,1
Indonesia,entry,growing,1,Marketing Assistant,13,IDN,Asia-Pacific,1
Indonesia,entry,growing,2,Employment Consultant,7,IDN,Asia-Pacific,1
Indonesia,entry,growing,3,Program Specialist,-1,IDN,Asia-Pacific,1
Indonesia,entry,growing,4,Operations Associate,-3,IDN,Asia-Pacific,1
Indonesia,entry,growing,5,AI Specialist,-4,IDN,Asia-Pacific,1
Indonesia,overall,declining,1,HR Manager,-29,IDN,Asia-Pacific,1
Indonesia,overall,declining,2,Real Estate Agent,-30,IDN,Asia-Pacific,1
Indonesia,overall,declining,3,IT Analyst,-32,IDN,Asia-Pacific,1
Indonesia,overall,declining,4,Teaching Assistant,-32,IDN,Asia-Pacific,1
Indonesia,overall,declining,5,Sales Development Representative,-43,IDN,Asia-Pacific,1
Indonesia,entry,declining,1,Project Associate,-29,IDN,Asia-Pacific,1
Indonesia,entry,declining,2,Chef,-29,IDN,Asia-Pacific,1
Indonesia,entry,declining,3,Sales Assistant,-32,IDN,Asia-Pacific,1
Indonesia,entry,declining,4,UX Designer,-35,IDN,Asia-Pacific,1
Indonesia,entry,declining,5,Postdoc Researcher,-43,IDN,Asia-Pacific,1
Philippines,overall,growing,1,Founder,45,PHL,Asia-Pacific,1
Philippines,overall,growing,2,Sales Development Representative,34,PHL,Asia-Pacific,1
Philippines,overall,growing,3,AI Engineer,26,PHL,Asia-Pacific,1
Philippines,overall,growing,4,Community Manager,21,PHL,Asia-Pacific,1
Philippines,overall,growing,5,Business Development Manager,17,PHL,Asia-Pacific,1
Philippines,entry,growing,1,Teaching Assistant,20,PHL,Asia-Pacific,1
Philippines,entry,growing,2,Business Specialist,15,PHL,Asia-Pacific,1
Philippines,entry,growing,3,Bartender,12,PHL,Asia-Pacific,1
Philippines,entry,growing,4,Employment Consultant,5,PHL,Asia-Pacific,1
Philippines,entry,growing,5,Legal Associate,0,PHL,Asia-Pacific,1
Philippines,overall,declining,1,Technical Writer,-29,PHL,Asia-Pacific,1
Philippines,overall,declining,2,Copywriter,-30,PHL,Asia-Pacific,1
Philippines,overall,declining,3,Interface Specialist,-32,PHL,Asia-Pacific,1
Philippines,overall,declining,4,UI Designer,-36,PHL,Asia-Pacific,1
Philippines,overall,declining,5,Product Manager,-44,PHL,Asia-Pacific,1
Philippines,entry,declining,1,QA Specialist,-24,PHL,Asia-Pacific,1
Philippines,entry,declining,2,Account Executive,-25,PHL,Asia-Pacific,1
Philippines,entry,declining,3,Sales Assistant,-29,PHL,Asia-Pacific,1
Philippines,entry,declining,4,Data Analyst,-32,PHL,Asia-Pacific,1
Philippines,entry,declining,5,Nurse Practitioner,-33,PHL,Asia-Pacific,1
Malaysia,overall,growing,1,Founder,44,MYS,Asia-Pacific,1
Malaysia,overall,growing,2,Data Analyst,29,MYS,Asia-Pacific,1
Malaysia,overall,growing,3,Sales Specialist,25,MYS,Asia-Pacific,1
Malaysia,overall,growing,4,Accountant,16,MYS,Asia-Pacific,1
Malaysia,overall,growing,5,Copywriter,10,MYS,Asia-Pacific,1
Malaysia,entry,growing,1,Legal Associate,47,MYS,Asia-Pacific,1
Malaysia,entry,growing,2,IT Analyst,44,MYS,Asia-Pacific,1
Malaysia,entry,growing,3,Project Manager,34,MYS,Asia-Pacific,1
Malaysia,entry,growing,4,Technical Writer,27,MYS,Asia-Pacific,1
Malaysia,entry,growing,5,IT Consultant,23,MYS,Asia-Pacific,1
Malaysia,overall,declining,1,Comms Manager,-20,MYS,Asia-Pacific,1
Malaysia,overall,declining,2,Frontend Developer,-21,MYS,Asia-Pacific,1
Malaysia,overall,declining,3,Law Clerk,-23,MYS,Asia-Pacific,1
Malaysia,overall,declining,4,UX Designer,-26,MYS,Asia-Pacific,1
Malaysia,overall,declining,5,Office Assistant,-33,MYS,Asia-Pacific,1
Malaysia,entry,declining,1,Project Management Specialist,-12,MYS,Asia-Pacific,1
Malaysia,entry,declining,2,QA Specialist,-13,MYS,Asia-Pacific,1
Malaysia,entry,declining,3,UX Designer,-16,MYS,Asia-Pacific,1
Malaysia,entry,declining,4,Manager of Sales,-19,MYS,Asia-Pacific,1
Malaysia,entry,declining,5,Teacher,-26,MYS,Asia-Pacific,1
United Arab Emirates,overall,growing,1,Founder,55,ARE,Middle East,1
United Arab Emirates,overall,growing,2,Head of Sales,46,ARE,Middle East,1
United Arab Emirates,overall,growing,3,Program Specialist,42,ARE,Middle East,1
United Arab Emirates,overall,growing,4,Office Assistant,39,ARE,Middle East,1
United Arab Emirates,overall,growing,5,IT Consultant,33,ARE,Middle East,1
United Arab Emirates,entry,growing,1,Sales Specialist,24,ARE,Middle East,1
United Arab Emirates,entry,growing,2,Digital Marketing Specialist,17,ARE,Middle East,1
United Arab Emirates,entry,growing,3,Payroll Accountant,12,ARE,Middle East,1
United Arab Emirates,entry,growing,4,Technical Writer,11,ARE,Middle East,1
United Arab Emirates,entry,growing,5,Data Analyst,8,ARE,Middle East,1
United Arab Emirates,overall,declining,1,Technical Writer,-33,ARE,Middle East,1
United Arab Emirates,overall,declining,2,Sales Manager,-34,ARE,Middle East,1
United Arab Emirates,overall,declining,3,Postdoc Researcher,-36,ARE,Middle East,1
United Arab Emirates,overall,declining,4,Accountant,-41,ARE,Middle East,1
United Arab Emirates,overall,declining,5,Project Associate,-45,ARE,Middle East,1
United Arab Emirates,entry,declining,1,Project Manager,-23,ARE,Middle East,1
United Arab Emirates,entry,declining,2,Pharmacist,-24,ARE,Middle East,1
United Arab Emirates,entry,declining,3,Salesperson,-24,ARE,Middle East,1
United Arab Emirates,entry,declining,4,Sales Manager,-28,ARE,Middle East,1
United Arab Emirates,entry,declining,5,UX Designer,-33,ARE,Middle East,1
Saudi Arabia,overall,growing,1,Founder,69,SAU,Middle East,1
Saudi Arabia,overall,growing,2,Software Engineer,58,SAU,Middle East,1
Saudi Arabia,overall,growing,3,Program Specialist,47,SAU,Middle East,1
Saudi Arabia,overall,growing,4,HR Manager,44,SAU,Middle East,1
Saudi Arabia,overall,growing,5,Office Assistant,36,SAU,Middle East,1
Saudi Arabia,entry,growing,1,IT Analyst,14,SAU,Middle East,1
Saudi Arabia,entry,growing,2,Product Manager,12,SAU,Middle East,1
Saudi Arabia,entry,growing,3,Data Analyst,9,SAU,Middle East,1
Saudi Arabia,entry,growing,4,Technical Writer,6,SAU,Middle East,1
Saudi Arabia,entry,growing,5,Law Clerk,3,SAU,Middle East,1
Saudi Arabia,overall,declining,1,Pharmacist,-33,SAU,Middle East,1
Saudi Arabia,overall,declining,2,Interface Specialist,-36,SAU,Middle East,1
Saudi Arabia,overall,declining,3,System Engineer,-37,SAU,Middle East,1
Saudi Arabia,overall,declining,4,Principal,-39,SAU,Middle East,1
Saudi Arabia,overall,declining,5,Project Manager,-46,SAU,Middle East,1
Saudi Arabia,entry,declining,1,Business Specialist,-27,SAU,Middle East,1
Saudi Arabia,entry,declining,2,Frontend Developer,-30,SAU,Middle East,1
Saudi Arabia,entry,declining,3,Legal Associate,-31,SAU,Middle East,1
Saudi Arabia,entry,declining,4,Project Associate,-33,SAU,Middle East,1
Saudi Arabia,entry,declining,5,Manager of Sales,-38,SAU,Middle East,1
Israel,overall,growing,1,Founder,63,ISR,Middle East,1
Israel,overall,growing,2,Salesperson,48,ISR,Middle East,1
Israel,overall,growing,3,Payroll Accountant,42,ISR,Middle East,1
Israel,overall,growing,4,AI Specialist,37,ISR,Middle East,1
Israel,overall,growing,5,Co-Founder,34,ISR,Middle East,1
Israel,entry,growing,1,Accountant,37,ISR,Middle East,1
Israel,entry,growing,2,Sales Assistant,35,ISR,Middle East,1
Israel,entry,growing,3,Account Executive,26,ISR,Middle East,1
Israel,entry,growing,4,Research Assistant,20,ISR,Middle East,1
Israel,entry,growing,5,Comms Assistant,15,ISR,Middle East,1
Israel,overall,declining,1,Growth Specialist,-13,ISR,Middle East,1
Israel,overall,declining,2,Project Manager,-14,ISR,Middle East,1
Israel,overall,declining,3,Technical Writer,-15,ISR,Middle East,1
Israel,overall,declining,4,Product Manager,-15,ISR,Middle East,1
Israel,overall,declining,5,Nurse Practitioner,-27,ISR,Middle East,1
Israel,entry,declining,1,Software Engineer,-13,ISR,Middle East,1
Israel,entry,declining,2,Office Assistant,-13,ISR,Middle East,1
Israel,entry,declining,3,Interface Specialist,-14,ISR,Middle East,1
Israel,entry,declining,4,Teacher,-16,ISR,Middle East,1
Israel,entry,declining,5,Project Engineer,-21,ISR,Middle East,1
Qatar,overall,growing,1,Founder,50,QAT,Middle East,1
Qatar,overall,growing,2,AI Engineer,28,QAT,Middle East,1
Qatar,overall,growing,3,Finance Specialist,21,QAT,Middle East,1
Qatar,overall,growing,4,Co-Founder,19,QAT,Middle East,1
Qatar,overall,growing,5,Copywriter,15,QAT,Middle East,1
Qatar,entry,growing,1,HR Manager,27,QAT,Middle East,1
Qatar,entry,growing,2,Retail Associate,16,QAT,Middle East,1
Qatar,entry,growing,3,AI Engineer,7,QAT,Middle East,1
Qatar,entry,growing,4,UX Designer,-1,QAT,Middle East,1
Qatar,entry,growing,5,Pharmacist,-1,QAT,Middle East,1
Qatar,overall,declining,1,Research Assistant,-18,QAT,Middle East,1
Qatar,overall,declining,2,Customer Associate,-18,QAT,Middle East,1
Qatar,overall,declining,3,IT Analyst,-18,QAT,Middle East,1
Qatar,overall,declining,4,Direction Assistant,-22,QAT,Middle East,1
Qatar,overall,declining,5,UX Designer,-30,QAT,Middle East,1
Qatar,entry,declining,1,Research Assistant,-19,QAT,Middle East,1
Qatar,entry,declining,2,Project Engineer,-22,QAT,Middle East,1
Qatar,entry,declining,3,Project Management Specialist,-22,QAT,Middle East,1
Qatar,entry,declining,4,Employment Consultant,-26,QAT,Middle East,1
Qatar,entry,declining,5,Accountant,-28,QAT,Middle East,1
South Africa,overall,growing,1,Principal,71,ZAF,Africa,1
South Africa,overall,growing,2,Retail Associate,49,ZAF,Africa,1
South Africa,overall,growing,3,Account Executive,46,ZAF,Africa,1
South Africa,overall,growing,4,Software Engineer,43,ZAF,Africa,1
South Africa,overall,growing,5,Business Specialist,40,ZAF,Africa,1
South Africa,entry,growing,1,Business Specialist,43,ZAF,Africa,1
South Africa,entry,growing,2,Technical Writer,29,ZAF,Africa,1
South Africa,entry,growing,3,IT Consultant,23,ZAF,Africa,1
South Africa,entry,growing,4,Sales Specialist,15,ZAF,Africa,1
South Africa,entry,growing,5,Product Manager,13,ZAF,Africa,1
South Africa,overall,declining,1,Technical Writer,-29,ZAF,Africa,1
South Africa,overall,declining,2,Data Analyst,-30,ZAF,Africa,1
South Africa,overall,declining,3,QA Specialist,-31,ZAF,Africa,1
South Africa,overall,declining,4,Customer Associate,-36,ZAF,Africa,1
South Africa,overall,declining,5,Nurse Practitioner,-44,ZAF,Africa,1
South Africa,entry,declining,1,Project Manager,-23,ZAF,Africa,1
South Africa,entry,declining,2,Accountant,-26,ZAF,Africa,1
South Africa,entry,declining,3,Project Management Specialist,-28,ZAF,Africa,1
South Africa,entry,declining,4,Frontend Developer,-32,ZAF,Africa,1
South Africa,entry,declining,5,Sales Assistant,-37,ZAF,Africa,1
Nigeria,overall,growing,1,Co-Founder,63,NGA,Africa,1
Nigeria,overall,growing,2,Teacher,52,NGA,Africa,1
Nigeria,overall,growing,3,Manager of Sales,41,NGA,Africa,1
Nigeria,overall,growing,4,Sales Manager,34,NGA,Africa,1
Nigeria,overall,growing,5,Growth Specialist,31,NGA,Africa,1
Nigeria,entry,growing,1,Bartender,8,NGA,Africa,1
Nigeria,entry,growing,2,Community Manager,-7,NGA,Africa,1
Nigeria,entry,growing,3,Operations Associate,-10,NGA,Africa,1
Nigeria,entry,growing,4,Retail Associate,-14,NGA,Africa,1
Nigeria,entry,growing,5,Office Assistant,-17,NGA,Africa,1
Nigeria,overall,declining,1,Operations Associate,-20,NGA,Africa,1
Nigeria,overall,declining,2,Account Manager,-20,NGA,Africa,1
Nigeria,overall,declining,3,Data Analyst,-22,NGA,Africa,1
Nigeria,overall,declining,4,IT Consultant,-24,NGA,Africa,1
Nigeria,overall,declining,5,System Engineer,-34,NGA,Africa,1
Nigeria,entry,declining,1,UX Designer,-12,NGA,Africa,1
Nigeria,entry,declining,2,Project Manager,-13,NGA,Africa,1
Nigeria,entry,declining,3,Technical Writer,-14,NGA,Africa,1
Nigeria,entry,declining,4,Research Assistant,-15,NGA,Africa,1
Nigeria,entry,declining,5,Copywriter,-23,NGA,Africa,1
Egypt,overall,growing,1,Founder,28,EGY,Africa,1
Egypt,overall,growing,2,Sales Specialist,19,EGY,Africa,1
Egypt,overall,growing,3,Project Associate,10,EGY,Africa,1
Egypt,overall,growing,4,Customer Associate,8,EGY,Africa,1
Egypt,overall,growing,5,Sales Development Representative,4,EGY,Africa,1
Egypt,entry,growing,1,Postdoc Researcher,18,EGY,Africa,1
Egypt,entry,growing,2,IT Consultant,6,EGY,Africa,1
Egypt,entry,growing,3,Teacher,3,EGY,Africa,1
Egypt,entry,growing,4,Operations Associate,3,EGY,Africa,1
Egypt,entry,growing,5,HR Manager,-3,EGY,Africa,1
Egypt,overall,declining,1,Teaching Assistant,-24,EGY,Africa,1
Egypt,overall,declining,2,IT Analyst,-24,EGY,Africa,1
Egypt,overall,declining,3,Digital Marketing Specialist,-26,EGY,Africa,1
Egypt,overall,declining,4,AI Engineer,-30,EGY,Africa,1
Egypt,overall,declining,5,Owner,-41,EGY,Africa,1
Egypt,entry,declining,1,Salesperson,-22,EGY,Africa,1
Egypt,entry,declining,2,QA Specialist,-23,EGY,Africa,1
Egypt,entry,declining,3,Marketing Assistant,-23,EGY,Africa,1
Egypt,entry,declining,4,Sales Development Representative,-25,EGY,Africa,1
Egypt,entry,declining,5,Research Assistant,-30,EGY,Africa,1
Kenya,overall,growing,1,Principal,40,KEN,Africa,1
Kenya,overall,growing,2,Program Specialist,18,KEN,Africa,1
Kenya,overall,growing,3,Software Engineer,16,KEN,Africa,1
Kenya,overall,growing,4,Founder,12,KEN,Africa,1
Kenya,overall,growing,5,Digital Marketing Specialist,8,KEN,Africa,1
Kenya,entry,growing,1,AI Engineer,25,KEN,Africa,1
Kenya,entry,growing,2,Teacher,12,KEN,Africa,1
Kenya,entry,growing,3,Project Engineer,3,KEN,Africa,1
Kenya,entry,growing,4,Growth Specialist,2,KEN,Africa,1
Kenya,entry,growing,5,System Engineer,-3,KEN,Africa,1
Kenya,overall,declining,1,Project Management Specialist,-22,KEN,Africa,1
Kenya,overall,declining,2,Salesperson,-24,KEN,Africa,1
Kenya,overall,declining,3,Bartender,-26,KEN,Africa,1
Kenya,overall,declining,4,Comms Manager,-26,KEN,Africa,1
Kenya,overall,declining,5,Interface Specialist,-32,KEN,Africa,1
Kenya,entry,declining,1,Sales Specialist,-21,KEN,Africa,1
Kenya,entry,declining,2,Interface Specialist,-24,KEN,Africa,1
Kenya,entry,declining,3,QA Specialist,-27,KEN,Africa,1
Kenya,entry,declining,4,Community Manager,-30,KEN,Africa,1
Kenya,entry,declining,5,UI Designer,-34,KEN,Africa,1
