Date,Close,Date,Close
2/1/2025 16:00:00,244.79,2/1/2025 16:00:00,189.47
3/1/2025 16:00:00,251.88,3/1/2025 16:00:00,193.85
6/1/2025 16:00:00,260.23,6/1/2025 16:00:00,194.52
7/1/2025 16:00:00,254.04,7/1/2025 16:00:00,190.37
8/1/2025 16:00:00,252.23,8/1/2025 16:00:00,187.93
10/1/2025 16:00:00,247.18,10/1/2025 16:00:00,183.75
13/1/2025 16:00:00,244.64,13/1/2025 16:00:00,182.25
14/1/2025 16:00:00,245.44,14/1/2025 16:00:00,184.75
15/1/2025 16:00:00,251.21,15/1/2025 16:00:00,189.38
16/1/2025 16:00:00,252.29,16/1/2025 16:00:00,189.54
17/1/2025 16:00:00,258.25,17/1/2025 16:00:00,189.82
21/1/2025 16:00:00,262.39,21/1/2025 16:00:00,193.08
22/1/2025 16:00:00,267.17,22/1/2025 16:00:00,193.23
23/1/2025 16:00:00,266.85,23/1/2025 16:00:00,193.87
24/1/2025 16:00:00,261.53,24/1/2025 16:00:00,193.76
27/1/2025 16:00:00,235.81,27/1/2025 16:00:00,190.89
28/1/2025 16:00:00,240.45,28/1/2025 16:00:00,196.49
29/1/2025 16:00:00,239.53,29/1/2025 16:00:00,193.92
30/1/2025 16:00:00,245.17,30/1/2025 16:00:00,194.62
31/1/2025 16:00:00,243.62,31/1/2025 16:00:00,194.36
3/2/2025 16:00:00,238.78,3/2/2025 16:00:00,193.57
4/2/2025 16:00:00,241.47,4/2/2025 16:00:00,196.2
5/2/2025 16:00:00,247.14,5/2/2025 16:00:00,197.94
6/2/2025 16:00:00,248.35,6/2/2025 16:00:00,196.85
7/2/2025 16:00:00,245,7/2/2025 16:00:00,195.26
10/2/2025 16:00:00,249.62,10/2/2025 16:00:00,197.42
11/2/2025 16:00:00,249.87,11/2/2025 16:00:00,194.47
12/2/2025 16:00:00,248.51,12/2/2025 16:00:00,194.17
13/2/2025 16:00:00,251.92,13/2/2025 16:00:00,197.17
14/2/2025 16:00:00,252.58,14/2/2025 16:00:00,195.44
18/2/2025 16:00:00,256.22,18/2/2025 16:00:00,195.94
19/2/2025 16:00:00,257.34,19/2/2025 16:00:00,193.24
20/2/2025 16:00:00,257.8,20/2/2025 16:00:00,190.35
21/2/2025 16:00:00,249.99,21/2/2025 16:00:00,184.48
24/2/2025 16:00:00,243.42,24/2/2025 16:00:00,181.78
25/2/2025 16:00:00,238.25,25/2/2025 16:00:00,178.48
26/2/2025 16:00:00,243.82,26/2/2025 16:00:00,179.19
27/2/2025 16:00:00,228.79,27/2/2025 16:00:00,175.56
28/2/2025 16:00:00,232.77,28/2/2025 16:00:00,176.15
3/3/2025 16:00:00,223.01,3/3/2025 16:00:00,171.66
4/3/2025 16:00:00,225.23,4/3/2025 16:00:00,171.69
5/3/2025 16:00:00,229.4,5/3/2025 16:00:00,174.62
6/3/2025 16:00:00,219.78,6/3/2025 16:00:00,168.87
7/3/2025 16:00:00,225.09,7/3/2025 16:00:00,168.87
10/3/2025 16:00:00,214.53,10/3/2025 16:00:00,161.42
11/3/2025 16:00:00,214.22,11/3/2025 16:00:00,162.05
12/3/2025 16:00:00,220.52,12/3/2025 16:00:00,163.86
13/3/2025 16:00:00,219.55,13/3/2025 16:00:00,159.76
14/3/2025 16:00:00,226.57,14/3/2025 16:00:00,166.12
17/3/2025 16:00:00,228.96,17/3/2025 16:00:00,168.73
18/3/2025 16:00:00,225.42,18/3/2025 16:00:00,166.84
19/3/2025 16:00:00,227.41,19/3/2025 16:00:00,169.96
20/3/2025 16:00:00,227.05,20/3/2025 16:00:00,167.39
21/3/2025 16:00:00,224.77,21/3/2025 16:00:00,167.49
24/3/2025 16:00:00,230.63,24/3/2025 16:00:00,172.77
25/3/2025 16:00:00,229.65,25/3/2025 16:00:00,173.71
26/3/2025 16:00:00,222.01,26/3/2025 16:00:00,169.83
27/3/2025 16:00:00,217.75,27/3/2025 16:00:00,166.82
28/3/2025 16:00:00,212.17,28/3/2025 16:00:00,162.23
31/3/2025 16:00:00,211.47,31/3/2025 16:00:00,159.86
1/4/2025 16:00:00,212.49,1/4/2025 16:00:00,162.49
2/4/2025 16:00:00,214.09,2/4/2025 16:00:00,164.57
3/4/2025 16:00:00,195.57,3/4/2025 16:00:00,154.38
4/4/2025 16:00:00,180.8,4/4/2025 16:00:00,145.87
7/4/2025 16:00:00,184.9,7/4/2025 16:00:00,145.66
8/4/2025 16:00:00,179.95,8/4/2025 16:00:00,141.65
9/4/2025 16:00:00,210.83,9/4/2025 16:00:00,157.88
10/4/2025 16:00:00,196.21,10/4/2025 16:00:00,151.23
11/4/2025 16:00:00,201.31,11/4/2025 16:00:00,152.44
14/4/2025 16:00:00,201.61,14/4/2025 16:00:00,152.99
15/4/2025 16:00:00,202.92,15/4/2025 16:00:00,153.57
16/4/2025 16:00:00,194.35,16/4/2025 16:00:00,150.45
17/4/2025 16:00:00,192.53,17/4/2025 16:00:00,150.4
21/4/2025 16:00:00,187.83,21/4/2025 16:00:00,145.97
22/4/2025 16:00:00,191.9,22/4/2025 16:00:00,150.61
23/4/2025 16:00:00,198.91,23/4/2025 16:00:00,155.2
24/4/2025 16:00:00,208.97,24/4/2025 16:00:00,161
25/4/2025 16:00:00,211.97,25/4/2025 16:00:00,163.12
28/4/2025 16:00:00,210.65,28/4/2025 16:00:00,163.2
29/4/2025 16:00:00,210.29,29/4/2025 16:00:00,164.74
30/4/2025 16:00:00,211.28,30/4/2025 16:00:00,163.01
1/5/2025 16:00:00,212.3,1/5/2025 16:00:00,164.51
2/5/2025 16:00:00,219.03,2/5/2025 16:00:00,167.81
5/5/2025 16:00:00,217.61,5/5/2025 16:00:00,166.45
6/5/2025 16:00:00,215.59,6/5/2025 16:00:00,165.42
7/5/2025 16:00:00,220.02,7/5/2025 16:00:00,167.8
8/5/2025 16:00:00,221.95,8/5/2025 16:00:00,173.24
9/5/2025 16:00:00,223.4,9/5/2025 16:00:00,173.13
12/5/2025 16:00:00,237.41,12/5/2025 16:00:00,179.93
13/5/2025 16:00:00,245.56,13/5/2025 16:00:00,182.51
14/5/2025 16:00:00,247.99,14/5/2025 16:00:00,181.93
15/5/2025 16:00:00,247.13,15/5/2025 16:00:00,180.83
16/5/2025 16:00:00,246.42,16/5/2025 16:00:00,183.69
19/5/2025 16:00:00,246.01,19/5/2025 16:00:00,181.75
20/5/2025 16:00:00,245.54,20/5/2025 16:00:00,182.41
21/5/2025 16:00:00,241.47,21/5/2025 16:00:00,177.3
22/5/2025 16:00:00,240.81,22/5/2025 16:00:00,179.9
23/5/2025 16:00:00,237.44,23/5/2025 16:00:00,178.06
27/5/2025 16:00:00,244.97,27/5/2025 16:00:00,181.77
28/5/2025 16:00:00,242.36,28/5/2025 16:00:00,180.17
29/5/2025 16:00:00,244.08,29/5/2025 16:00:00,179.12
30/5/2025 16:00:00,239.75,30/5/2025 16:00:00,179.1
2/6/2025 16:00:00,243.3,2/6/2025 16:00:00,179.3
3/6/2025 16:00:00,248.79,3/6/2025 16:00:00,183.02
4/6/2025 16:00:00,251.75,4/6/2025 16:00:00,185.01
5/6/2025 16:00:00,251.3,5/6/2025 16:00:00,183.66
6/6/2025 16:00:00,252.73,6/6/2025 16:00:00,187.03
9/6/2025 16:00:00,256.96,9/6/2025 16:00:00,187.15
10/6/2025 16:00:00,262.07,10/6/2025 16:00:00,186.49
11/6/2025 16:00:00,261.88,11/6/2025 16:00:00,185.55
12/6/2025 16:00:00,263.15,12/6/2025 16:00:00,183.87
13/6/2025 16:00:00,256.99,13/6/2025 16:00:00,179.28
16/6/2025 16:00:00,263.38,16/6/2025 16:00:00,183.41
17/6/2025 16:00:00,261.59,17/6/2025 16:00:00,181.79
18/6/2025 16:00:00,262.59,18/6/2025 16:00:00,181.14
20/6/2025 16:00:00,260.27,20/6/2025 16:00:00,179.53
23/6/2025 16:00:00,261.92,23/6/2025 16:00:00,181.21
24/6/2025 16:00:00,271.54,24/6/2025 16:00:00,185.62
25/6/2025 16:00:00,275.2,25/6/2025 16:00:00,183.46
26/6/2025 16:00:00,277.2,26/6/2025 16:00:00,187.04
27/6/2025 16:00:00,278.42,27/6/2025 16:00:00,186.46
30/6/2025 16:00:00,278.88,30/6/2025 16:00:00,189.82
1/7/2025 16:00:00,275.84,1/7/2025 16:00:00,189.44
2/7/2025 16:00:00,281.25,2/7/2025 16:00:00,191.7
3/7/2025 13:05:00,283.62,3/7/2025 13:15:00,195.67
7/7/2025 16:00:00,279.76,7/7/2025 16:00:00,193.82
8/7/2025 16:00:00,283.48,8/7/2025 16:00:00,194.73
9/7/2025 16:00:00,285.42,9/7/2025 16:00:00,195.53
10/7/2025 16:00:00,287.52,10/7/2025 16:00:00,192.05
11/7/2025 16:00:00,287.49,11/7/2025 16:00:00,185.99
14/7/2025 16:00:00,285.32,14/7/2025 16:00:00,188.05
15/7/2025 16:00:00,290.8,15/7/2025 16:00:00,186.78
16/7/2025 16:00:00,289.28,16/7/2025 16:00:00,188.95
17/7/2025 16:00:00,291.71,17/7/2025 16:00:00,192.1
18/7/2025 16:00:00,290.31,18/7/2025 16:00:00,191.96
21/7/2025 16:00:00,290.51,21/7/2025 16:00:00,191.49
22/7/2025 16:00:00,285.37,22/7/2025 16:00:00,192.92
23/7/2025 16:00:00,286.61,23/7/2025 16:00:00,194.71
24/7/2025 16:00:00,287.8,24/7/2025 16:00:00,193.28
25/7/2025 16:00:00,287.49,25/7/2025 16:00:00,193.28
28/7/2025 16:00:00,291.41,28/7/2025 16:00:00,193.49
29/7/2025 16:00:00,292.9,29/7/2025 16:00:00,191.73
30/7/2025 16:00:00,296.26,30/7/2025 16:00:00,190.41
31/7/2025 16:00:00,288.78,31/7/2025 16:00:00,186.91
1/8/2025 16:00:00,283.95,1/8/2025 16:00:00,180.98
4/8/2025 16:00:00,290.19,4/8/2025 16:00:00,185.85
5/8/2025 16:00:00,287.1,5/8/2025 16:00:00,183.4
6/8/2025 16:00:00,286.62,6/8/2025 16:00:00,185.37
7/8/2025 16:00:00,291.12,7/8/2025 16:00:00,181.57
8/8/2025 16:00:00,293.53,8/8/2025 16:00:00,178.93
11/8/2025 16:00:00,293.4,11/8/2025 16:00:00,177.48
12/8/2025 16:00:00,300.1,12/8/2025 16:00:00,180.13
13/8/2025 16:00:00,301.28,13/8/2025 16:00:00,184.71
14/8/2025 16:00:00,301.92,14/8/2025 16:00:00,183.19
15/8/2025 16:00:00,295.65,15/8/2025 16:00:00,183.99
18/8/2025 16:00:00,296.86,18/8/2025 16:00:00,186.1
19/8/2025 16:00:00,290.87,19/8/2025 16:00:00,182.87
20/8/2025 16:00:00,288.96,20/8/2025 16:00:00,182.11
21/8/2025 16:00:00,287.46,21/8/2025 16:00:00,182.1
22/8/2025 16:00:00,293.64,22/8/2025 16:00:00,188.21
25/8/2025 16:00:00,293.92,25/8/2025 16:00:00,185.92
26/8/2025 16:00:00,296.75,26/8/2025 16:00:00,185.78
27/8/2025 16:00:00,297.66,27/8/2025 16:00:00,188.94
28/8/2025 16:00:00,298.88,28/8/2025 16:00:00,190.85
29/8/2025 16:00:00,290.29,29/8/2025 16:00:00,190.78
2/9/2025 16:00:00,286.48,2/9/2025 16:00:00,188.74
3/9/2025 16:00:00,286.43,3/9/2025 16:00:00,188.01
4/9/2025 16:00:00,289.86,4/9/2025 16:00:00,187.34
5/9/2025 16:00:00,293.28,5/9/2025 16:00:00,190.92
8/9/2025 16:00:00,296.52,8/9/2025 16:00:00,193.51
9/9/2025 16:00:00,297.81,9/9/2025 16:00:00,194.72
10/9/2025 16:00:00,300.83,10/9/2025 16:00:00,192.07
11/9/2025 16:00:00,303.93,11/9/2025 16:00:00,195.41
12/9/2025 16:00:00,304.32,12/9/2025 16:00:00,194.01
15/9/2025 16:00:00,307.17,15/9/2025 16:00:00,195.56
16/9/2025 16:00:00,307.21,16/9/2025 16:00:00,197.08
17/9/2025 16:00:00,305.25,17/9/2025 16:00:00,199.01
18/9/2025 16:00:00,316.97,18/9/2025 16:00:00,202.35
19/9/2025 16:00:00,315.71,19/9/2025 16:00:00,201.98
22/9/2025 16:00:00,322.17,22/9/2025 16:00:00,205.24
23/9/2025 16:00:00,321.7,23/9/2025 16:00:00,202.87
24/9/2025 16:00:00,321.7,24/9/2025 16:00:00,201.53
25/9/2025 16:00:00,321.06,25/9/2025 16:00:00,197.96
26/9/2025 16:00:00,321.82,26/9/2025 16:00:00,199.51
29/9/2025 16:00:00,322.66,29/9/2025 16:00:00,200.85
30/9/2025 16:00:00,326.36,30/9/2025 16:00:00,197.76
1/10/2025 16:00:00,333.69,1/10/2025 16:00:00,196.86
2/10/2025 16:00:00,338.24,2/10/2025 16:00:00,199.25
3/10/2025 16:00:00,336.68,3/10/2025 16:00:00,199.44
6/10/2025 16:00:00,343.38,6/10/2025 16:00:00,201.88
7/10/2025 16:00:00,337.05,7/10/2025 16:00:00,198.44
8/10/2025 16:00:00,346.07,8/10/2025 16:00:00,201.24
9/10/2025 16:00:00,345.21,9/10/2025 16:00:00,201.87
10/10/2025 16:00:00,325.34,10/10/2025 16:00:00,194.52
13/10/2025 16:00:00,339.75,13/10/2025 16:00:00,199.38
14/10/2025 16:00:00,333.5,14/10/2025 16:00:00,200.63
15/10/2025 16:00:00,341.78,15/10/2025 16:00:00,200.82
16/10/2025 16:00:00,343.3,16/10/2025 16:00:00,196.23
17/10/2025 16:00:00,342.83,17/10/2025 16:00:00,195.34
20/10/2025 16:00:00,347.22,20/10/2025 16:00:00,199.11
21/10/2025 16:00:00,345.3,21/10/2025 16:00:00,200.89
22/10/2025 16:00:00,338.6,22/10/2025 16:00:00,196.57
23/10/2025 16:00:00,344.8,23/10/2025 16:00:00,198.98
24/10/2025 16:00:00,351.14,24/10/2025 16:00:00,202.28
27/10/2025 16:00:00,359.94,27/10/2025 16:00:00,203.47
28/10/2025 16:00:00,363.11,28/10/2025 16:00:00,202.25
29/10/2025 16:00:00,368.61,29/10/2025 16:00:00,197.77
30/10/2025 16:00:00,363.73,30/10/2025 16:00:00,196.08
31/10/2025 16:00:00,363.02,31/10/2025 16:00:00,198.53
3/11/2025 16:00:00,366.1,3/11/2025 16:00:00,198.34
4/11/2025 16:00:00,352.76,4/11/2025 16:00:00,190.75
5/11/2025 16:00:00,359.5,5/11/2025 16:00:00,194
6/11/2025 16:00:00,351.09,6/11/2025 16:00:00,189.83
7/11/2025 16:00:00,348.12,7/11/2025 16:00:00,191.04
10/11/2025 16:00:00,358.79,10/11/2025 16:00:00,193
11/11/2025 16:00:00,351.05,11/11/2025 16:00:00,192.29
12/11/2025 16:00:00,355.53,12/11/2025 16:00:00,191.37
13/11/2025 16:00:00,344.82,13/11/2025 16:00:00,185.35
14/11/2025 16:00:00,344.98,14/11/2025 16:00:00,184.89
17/11/2025 16:00:00,340.3,17/11/2025 16:00:00,179.68
18/11/2025 16:00:00,333.29,18/11/2025 16:00:00,179.79
19/11/2025 16:00:00,339.44,19/11/2025 16:00:00,179.23
20/11/2025 16:00:00,325.1,20/11/2025 16:00:00,175.4
21/11/2025 16:00:00,326.13,21/11/2025 16:00:00,178.44
24/11/2025 16:00:00,339.12,24/11/2025 16:00:00,180.82
25/11/2025 16:00:00,340.01,25/11/2025 16:00:00,184.57
26/11/2025 16:00:00,347.71,26/11/2025 16:00:00,183.89
28/11/2025 13:05:00,352.28,28/11/2025 13:15:00,186.39
1/12/2025 16:00:00,352.96,1/12/2025 16:00:00,184.77
2/12/2025 16:00:00,359.43,2/12/2025 16:00:00,185.72
3/12/2025 16:00:00,364.37,3/12/2025 16:00:00,189.39
4/12/2025 16:00:00,361.6,4/12/2025 16:00:00,191.56
5/12/2025 16:00:00,364.42,5/12/2025 16:00:00,191.7
8/12/2025 16:00:00,368.55,8/12/2025 16:00:00,192.92
9/12/2025 16:00:00,369,9/12/2025 16:00:00,194.81
10/12/2025 16:00:00,374.1,10/12/2025 16:00:00,195.34
11/12/2025 16:00:00,370.89,11/12/2025 16:00:00,195.8
12/12/2025 16:00:00,354.12,12/12/2025 16:00:00,192.58
15/12/2025 16:00:00,352.9,15/12/2025 16:00:00,186.85
16/12/2025 16:00:00,351.94,16/12/2025 16:00:00,188.54
17/12/2025 16:00:00,339.24,17/12/2025 16:00:00,187.58
18/12/2025 16:00:00,347.25,18/12/2025 16:00:00,189.17
19/12/2025 16:00:00,356.23,19/12/2025 16:00:00,190.72
22/12/2025 16:00:00,359.7,22/12/2025 16:00:00,193.69
23/12/2025 16:00:00,363.16,23/12/2025 16:00:00,191.15
24/12/2025 13:05:00,364.17,24/12/2025 13:00:00,191.58
26/12/2025 16:00:00,365.86,26/12/2025 16:00:00,191.14
29/12/2025 16:00:00,364.21,29/12/2025 16:00:00,190.48
30/12/2025 16:00:00,363.31,30/12/2025 16:00:00,189.2
31/12/2025 16:00:00,360.13,31/12/2025 16:00:00,187.14
2/1/2026 16:00:00,373.3,2/1/2026 16:00:00,183.76
5/1/2026 16:00:00,377.59,5/1/2026 16:00:00,187.37
6/1/2026 16:00:00,387.62,6/1/2026 16:00:00,189.98
7/1/2026 16:00:00,385.02,7/1/2026 16:00:00,191.38
8/1/2026 16:00:00,378.98,8/1/2026 16:00:00,189.95
9/1/2026 16:00:00,389.22,9/1/2026 16:00:00,190.29
12/1/2026 16:00:00,390.66,12/1/2026 16:00:00,190.71
13/1/2026 16:00:00,391.53,13/1/2026 16:00:00,187.52
14/1/2026 16:00:00,388.35,14/1/2026 16:00:00,185.94
15/1/2026 16:00:00,396.41,15/1/2026 16:00:00,183.1
16/1/2026 16:00:00,400.39,16/1/2026 16:00:00,180.73
20/1/2026 16:00:00,390.39,20/1/2026 16:00:00,175.89
21/1/2026 16:00:00,401.93,21/1/2026 16:00:00,177.01
22/1/2026 16:00:00,402.82,22/1/2026 16:00:00,180.42
23/1/2026 16:00:00,400.09,23/1/2026 16:00:00,179.98
26/1/2026 16:00:00,398.82,26/1/2026 16:00:00,181.31
27/1/2026 16:00:00,407.25,27/1/2026 16:00:00,178.31
28/1/2026 16:00:00,416.63,28/1/2026 16:00:00,177.51
29/1/2026 16:00:00,417.52,29/1/2026 16:00:00,170.6
30/1/2026 16:00:00,403.46,30/1/2026 16:00:00,167.19
2/2/2026 16:00:00,407.97,2/2/2026 16:00:00,166.01
3/2/2026 16:00:00,397.68,3/2/2026 16:00:00,156.56
4/2/2026 16:00:00,382.02,4/2/2026 16:00:00,155.64
5/2/2026 16:00:00,381.07,5/2/2026 16:00:00,148.25
6/2/2026 16:00:00,401.65,6/2/2026 16:00:00,155.57
9/2/2026 16:00:00,406.65,9/2/2026 16:00:00,157.3
10/2/2026 16:00:00,404.76,10/2/2026 16:00:00,158.54
11/2/2026 16:00:00,414.78,11/2/2026 16:00:00,152.88
12/2/2026 16:00:00,406.11,12/2/2026 16:00:00,148.63
13/2/2026 16:00:00,407.72,13/2/2026 16:00:00,151.49
17/2/2026 16:00:00,407.51,17/2/2026 16:00:00,148.83
18/2/2026 16:00:00,412.55,18/2/2026 16:00:00,150.82
19/2/2026 16:00:00,410.2,19/2/2026 16:00:00,150.55
20/2/2026 16:00:00,415.03,20/2/2026 16:00:00,149.41
23/2/2026 16:00:00,412.88,23/2/2026 16:00:00,141.84
24/2/2026 16:00:00,419.16,24/2/2026 16:00:00,145.66
25/2/2026 16:00:00,426.16,25/2/2026 16:00:00,149.79
26/2/2026 16:00:00,412.01,26/2/2026 16:00:00,153.8
27/2/2026 16:00:00,406.37,27/2/2026 16:00:00,150.55
2/3/2026 16:00:00,406.39,2/3/2026 16:00:00,152.18
3/3/2026 16:00:00,391.06,3/3/2026 16:00:00,153.47
4/3/2026 16:00:00,399.1,4/3/2026 16:00:00,156.1
5/3/2026 16:00:00,395.35,5/3/2026 16:00:00,157.82
6/3/2026 16:00:00,380.56,6/3/2026 16:00:00,156.35
9/3/2026 16:00:00,394.37,9/3/2026 16:00:00,156.16
10/3/2026 16:00:00,397.33,10/3/2026 16:00:00,152.88
11/3/2026 16:00:00,401.03,11/3/2026 16:00:00,152.97
12/3/2026 16:00:00,388.13,12/3/2026 16:00:00,150.04
13/3/2026 16:00:00,387.33,13/3/2026 16:00:00,149.52
16/3/2026 16:00:00,393.92,16/3/2026 16:00:00,150.35
17/3/2026 16:00:00,396.88,17/3/2026 16:00:00,151.45
18/3/2026 16:00:00,393.67,18/3/2026 16:00:00,149.51
19/3/2026 16:00:00,394.92,19/3/2026 16:00:00,149.49
20/3/2026 16:00:00,384.74,20/3/2026 16:00:00,147.37
23/3/2026 16:00:00,391.36,23/3/2026 16:00:00,149.94
24/3/2026 16:00:00,394.59,24/3/2026 16:00:00,143.8
25/3/2026 16:00:00,399.02,25/3/2026 16:00:00,143.89
26/3/2026 16:00:00,380.84,26/3/2026 16:00:00,143.67
27/3/2026 16:00:00,374.25,27/3/2026 16:00:00,138.25
30/3/2026 16:00:00,362.53,30/3/2026 16:00:00,138.65
31/3/2026 16:00:00,383.4,31/3/2026 16:00:00,142.29
1/4/2026 16:00:00,391.97,1/4/2026 16:00:00,142.75
2/4/2026 16:00:00,392.32,2/4/2026 16:00:00,144.91
6/4/2026 16:00:00,395.98,6/4/2026 16:00:00,145.87
7/4/2026 16:00:00,399.9,7/4/2026 16:00:00,144.96
8/4/2026 16:00:00,422.92,8/4/2026 16:00:00,144.29
9/4/2026 16:00:00,430.31,9/4/2026 16:00:00,139.88
10/4/2026 16:00:00,436.88,10/4/2026 16:00:00,135.97
13/4/2026 16:00:00,443.34,13/4/2026 16:00:00,141.85
14/4/2026 16:00:00,452,14/4/2026 16:00:00,143.12
15/4/2026 16:00:00,453,15/4/2026 16:00:00,149.47
16/4/2026 16:00:00,454.8,16/4/2026 16:00:00,151.4
17/4/2026 16:00:00,464.16,17/4/2026 16:00:00,153.67
20/4/2026 16:00:00,463.96,20/4/2026 16:00:00,155.8
21/4/2026 16:00:00,464.66,21/4/2026 16:00:00,155.42
22/4/2026 16:00:00,476.83,22/4/2026 16:00:00,156.8
23/4/2026 16:00:00,481.85,23/4/2026 16:00:00,147.53
24/4/2026 16:00:00,506.44,24/4/2026 16:00:00,151.37
27/4/2026 16:00:00,506.26,27/4/2026 16:00:00,150.87
28/4/2026 16:00:00,491.21,28/4/2026 16:00:00,150.79
29/4/2026 16:00:00,499.58,29/4/2026 16:00:00,150.88
30/4/2026 16:00:00,506.72,30/4/2026 16:00:00,151.28
1/5/2026 16:00:00,509.82,1/5/2026 16:00:00,156.84
4/5/2026 16:00:00,506.79,4/5/2026 16:00:00,160.22
5/5/2026 16:00:00,522.69,5/5/2026 16:00:00,160.9
6/5/2026 16:00:00,549.76,6/5/2026 16:00:00,159.71
7/5/2026 16:00:00,540.1,7/5/2026 16:00:00,163.17
8/5/2026 16:00:00,566.54,8/5/2026 16:00:00,162.91
11/5/2026 16:00:00,576.31,11/5/2026 16:00:00,159.95
12/5/2026 16:00:00,561.25,12/5/2026 16:00:00,156.03
13/5/2026 16:00:00,572.46,13/5/2026 16:00:00,154.25
14/5/2026 16:00:00,578.34,14/5/2026 16:00:00,156.65
15/5/2026 16:00:00,556.34,15/5/2026 16:00:00,156.7
18/5/2026 16:00:00,546.16,18/5/2026 16:00:00,159.58
19/5/2026 16:00:00,543.96,19/5/2026 16:00:00,159.6
20/5/2026 16:00:00,564.66,20/5/2026 16:00:00,162.21
21/5/2026 16:00:00,567.88,21/5/2026 16:00:00,161.87
22/5/2026 16:00:00,576.32,22/5/2026 16:00:00,165.03
26/5/2026 16:00:00,602.14,26/5/2026 16:00:00,165.94
27/5/2026 16:00:00,595.5,27/5/2026 16:00:00,165.16
28/5/2026 16:00:00,599.83,28/5/2026 16:00:00,169.55
29/5/2026 16:00:00,598.93,29/5/2026 16:00:00,177.29
1/6/2026 16:00:00,607.81,1/6/2026 16:00:00,187.59
2/6/2026 16:00:00,632.21,2/6/2026 16:00:00,182.85
3/6/2026 16:00:00,637.9,3/6/2026 16:00:00,175.2
4/6/2026 16:00:00,627.53,4/6/2026 16:00:00,175.38
5/6/2026 16:00:00,569.69,5/6/2026 16:00:00,168.21
8/6/2026 16:00:00,598.16,8/6/2026 16:00:00,169.04
9/6/2026 16:00:00,591.01,9/6/2026 16:00:00,165.73
10/6/2026 16:00:00,570.91,10/6/2026 16:00:00,163.57
11/6/2026 16:00:00,609.45,11/6/2026 16:00:00,164.97
12/6/2026 16:00:00,619.96,12/6/2026 16:00:00,166.16
15/6/2026 16:00:00,647.1,15/6/2026 16:00:00,167.7
16/6/2026 16:00:00,616,16/6/2026 16:00:00,166.92
17/6/2026 16:00:00,623.97,17/6/2026 16:00:00,162.29
18/6/2026 16:00:00,659.88,18/6/2026 16:00:00,162.54
22/6/2026 16:00:00,668.91,22/6/2026 16:00:00,160.15
23/6/2026 16:00:00,622.05,23/6/2026 16:00:00,161.53
24/6/2026 16:00:00,618.92,24/6/2026 16:00:00,162
25/6/2026 16:00:00,636.88,25/6/2026 16:00:00,159.67
26/6/2026 16:00:00,611.61,26/6/2026 16:00:00,167.56
29/6/2026 16:00:00,631.98,29/6/2026 16:00:00,170.43
30/6/2026 16:00:00,655.89,30/6/2026 16:00:00,171.81
1/7/2026 16:00:00,620.46,1/7/2026 16:00:00,176.76
2/7/2026 16:00:00,592.29,2/7/2026 16:00:00,176.45
6/7/2026 16:00:00,604.3,6/7/2026 16:00:00,179.74
7/7/2026 16:00:00,581.45,7/7/2026 16:00:00,179.07
8/7/2026 16:00:00,593,8/7/2026 16:00:00,176.04
9/7/2026 16:00:00,607.73,9/7/2026 16:00:00,179.4
10/7/2026 16:00:00,611.03,10/7/2026 16:00:00,177.05
13/7/2026 16:00:00,585.62,13/7/2026 16:00:00,178.62
14/7/2026 16:00:00,600.31,14/7/2026 16:00:00,178.32
15/7/2026 16:00:00,590.77,15/7/2026 16:00:00,178.6
16/7/2026 16:00:00,568.92,16/7/2026 16:00:00,178.98
17/7/2026 16:00:00,556.53,17/7/2026 16:00:00,177.45
20/7/2026 16:00:00,558.83,20/7/2026 16:00:00,178.55
21/7/2026 16:00:00,584.08,21/7/2026 16:00:00,176.09
22/7/2026 16:00:00,586.91,22/7/2026 16:00:00,169.04
23/7/2026 16:00:00,580.17,23/7/2026 16:00:00,166.16
24/7/2026 16:00:00,561.19,24/7/2026 16:00:00,169.53
27/7/2026 16:00:00,548.55,27/7/2026 16:00:00,176.41
28/7/2026 16:00:00,529.6,28/7/2026 16:00:00,180.12
29/7/2026 16:00:00,504.22,29/7/2026 16:00:00,182.57
30/7/2026 16:00:00,538.9,30/7/2026 16:00:00,181.65
31/7/2026 16:00:00,540.53,31/7/2026 16:00:00,182.74