country,ai_exposure,level,yoy_hiring_rate_pct,period,method
France,Augmented,Entry,-23.0,2026-04/2026-06,vector
France,Augmented,Overall,-12.6,2026-04/2026-06,vector
France,Disrupted,Entry,-20.5,2026-04/2026-06,vector
France,Disrupted,Overall,-21.5,2026-04/2026-06,vector
France,Insulated,Entry,-24.5,2026-04/2026-06,vector
France,Insulated,Overall,-23.6,2026-04/2026-06,vector
Germany,Augmented,Entry,-26.8,2026-04/2026-06,vector
Germany,Augmented,Overall,-18.5,2026-04/2026-06,vector
Germany,Disrupted,Entry,-17.8,2026-04/2026-06,vector
Germany,Disrupted,Overall,-20.9,2026-04/2026-06,vector
Germany,Insulated,Entry,-22.1,2026-04/2026-06,vector
Germany,Insulated,Overall,-20.3,2026-04/2026-06,vector
India,Augmented,Entry,-21.5,2026-04/2026-06,vector
India,Augmented,Overall,-14.1,2026-04/2026-06,vector
India,Disrupted,Entry,-12.8,2026-04/2026-06,vector
India,Disrupted,Overall,-13.9,2026-04/2026-06,vector
India,Insulated,Entry,-16.0,2026-04/2026-06,vector
India,Insulated,Overall,-17.6,2026-04/2026-06,vector
United Kingdom,Augmented,Entry,-17.3,2026-04/2026-06,vector
United Kingdom,Augmented,Overall,-10.1,2026-04/2026-06,vector
United Kingdom,Disrupted,Entry,-17.7,2026-04/2026-06,vector
United Kingdom,Disrupted,Overall,-16.6,2026-04/2026-06,vector
United Kingdom,Insulated,Entry,-18.2,2026-04/2026-06,vector
United Kingdom,Insulated,Overall,-19.1,2026-04/2026-06,vector
United States,Augmented,Entry,-9.6,2026-04/2026-06,vector
United States,Augmented,Overall,-6.5,2026-04/2026-06,vector
United States,Disrupted,Entry,-9.5,2026-04/2026-06,vector
United States,Disrupted,Overall,-8.7,2026-04/2026-06,vector
United States,Insulated,Entry,-13.5,2026-04/2026-06,vector
United States,Insulated,Overall,-12.7,2026-04/2026-06,vector
