country,level,yoy_hiring_rate_pct,period,method
France,Entry,-18.8,2026-04/2026-06,vector
France,Overall,-17.4,2026-04/2026-06,vector
Germany,Entry,-18.9,2026-04/2026-06,vector
Germany,Overall,-17.5,2026-04/2026-06,vector
India,Entry,-12.5,2026-04/2026-06,vector
India,Overall,-10.5,2026-04/2026-06,vector
United Kingdom,Entry,-13.4,2026-04/2026-06,vector
United Kingdom,Overall,-13.0,2026-04/2026-06,vector
United States,Entry,-7.6,2026-04/2026-06,vector
United States,Overall,-6.9,2026-04/2026-06,vector
