country,year,share_finance_job_ads_ai_skill_pct,method
France,2018,2.7,vector
France,2019,2.2,vector
France,2020,1.8,vector
France,2021,2.1,vector
France,2022,2.1,vector
France,2023,2.1,vector
France,2024,2.1,vector
France,2025,1.8,vector
France,2026,2.0,vector
Germany,2018,1.9,vector
Germany,2019,2.0,vector
Germany,2020,2.5,vector
Germany,2021,2.5,vector
Germany,2022,2.0,vector
Germany,2023,1.9,vector
Germany,2024,2.1,vector
Germany,2025,1.6,vector
Germany,2026,2.0,vector
India,2018,4.5,vector
India,2019,4.0,vector
India,2020,3.7,vector
India,2021,4.2,vector
India,2022,4.1,vector
India,2023,4.2,vector
India,2024,4.6,vector
India,2025,4.7,vector
India,2026,5.5,vector
United Kingdom,2018,3.3,vector
United Kingdom,2019,3.7,vector
United Kingdom,2020,4.2,vector
United Kingdom,2021,4.1,vector
United Kingdom,2022,3.6,vector
United Kingdom,2023,3.4,vector
United Kingdom,2024,3.5,vector
United Kingdom,2025,3.8,vector
United Kingdom,2026,4.5,vector
United States,2018,3.0,vector
United States,2019,3.8,vector
United States,2020,3.0,vector
United States,2021,3.2,vector
United States,2022,3.4,vector
United States,2023,2.5,vector
United States,2024,2.7,vector
United States,2025,2.6,vector
United States,2026,3.0,vector
