country,level,direction,rank,occupation,yoy_pct
France,overall,growing,1,Founder,55
France,overall,growing,2,Co-Founder,10
France,overall,growing,3,Office Assistant,9
France,overall,growing,4,Business Development Manager,0
France,overall,growing,5,Business Specialist,-1
France,entry,growing,1,Office Assistant,8
France,entry,growing,2,Sales Specialist,-1
France,entry,growing,3,Teacher,-11
France,entry,growing,4,Payroll Accountant,-11
France,entry,growing,5,Sales Manager,-11
France,overall,declining,1,Comms Manager,-38
France,overall,declining,2,Direction Assistant,-39
France,overall,declining,3,Project Manager,-39
France,overall,declining,4,Community Manager,-39
France,overall,declining,5,Employment Consultant,-59
France,entry,declining,1,Customer Associate,-34
France,entry,declining,2,Comms Assistant,-35
France,entry,declining,3,Project Associate,-35
France,entry,declining,4,Direction Assistant,-39
France,entry,declining,5,Project Manager,-42
Germany,overall,growing,1,Founder,47
Germany,overall,growing,2,Co-Founder,25
Germany,overall,growing,3,Salesperson,-7
Germany,overall,growing,4,Account Executive,-9
Germany,overall,growing,5,System Engineer,-10
Germany,entry,growing,1,Salesperson,-8
Germany,entry,growing,2,Postdoc Researcher,-12
Germany,entry,growing,3,Law Clerk,-14
Germany,entry,growing,4,Account Manager,-19
Germany,entry,growing,5,Sales Specialist,-21
Germany,overall,declining,1,Project Manager,-29
Germany,overall,declining,2,Head of Sales,-29
Germany,overall,declining,3,HR Manager,-29
Germany,overall,declining,4,Product Manager,-30
Germany,overall,declining,5,Research Assistant,-30
Germany,entry,declining,1,Project Engineer,-28
Germany,entry,declining,2,Project Manager,-30
Germany,entry,declining,3,Software Engineer,-32
Germany,entry,declining,4,Research Assistant,-33
Germany,entry,declining,5,Product Manager,-33
India,overall,growing,1,Program Specialist,82
India,overall,growing,2,AI Engineer,68
India,overall,growing,3,AI Specialist,49
India,overall,growing,4,IT Analyst,39
India,overall,growing,5,Founder,37
India,entry,growing,1,AI Engineer,55
India,entry,growing,2,IT Analyst,43
India,entry,growing,3,Campus Ambassador,35
India,entry,growing,4,Research Assistant,32
India,entry,growing,5,Accountant,12
India,overall,declining,1,Project Management Specialist,-39
India,overall,declining,2,Manager of Sales,-39
India,overall,declining,3,Project Associate,-39
India,overall,declining,4,Interface Specialist,-43
India,overall,declining,5,UI Designer,-49
India,entry,declining,1,Legal Associate,-38
India,entry,declining,2,Frontend Developer,-39
India,entry,declining,3,QA Specialist,-41
India,entry,declining,4,Project Associate,-42
India,entry,declining,5,Interface Specialist,-45
United Kingdom,overall,growing,1,Founder,53
United Kingdom,overall,growing,2,Finance Specialist,23
United Kingdom,overall,growing,3,Sales Development Representative,19
United Kingdom,overall,growing,4,Co-Founder,10
United Kingdom,overall,growing,5,Sales Assistant,1
United Kingdom,entry,growing,1,Sales Development Representative,22
United Kingdom,entry,growing,2,Sales Assistant,1
United Kingdom,entry,growing,3,Event Specialist,-1
United Kingdom,entry,growing,4,Teaching Assistant,-2
United Kingdom,entry,growing,5,Bartender,-6
United Kingdom,overall,declining,1,Chef,-29
United Kingdom,overall,declining,2,Data Analyst,-30
United Kingdom,overall,declining,3,Owner,-34
United Kingdom,overall,declining,4,Salesperson,-36
United Kingdom,overall,declining,5,Board Member,-40
United Kingdom,entry,declining,1,Project Manager,-23
United Kingdom,entry,declining,2,Marketing Assistant,-23
United Kingdom,entry,declining,3,Software Engineer,-24
United Kingdom,entry,declining,4,Data Analyst,-27
United Kingdom,entry,declining,5,Salesperson,-38
United States,overall,growing,1,Principal,173
United States,overall,growing,2,Growth Specialist,65
United States,overall,growing,3,AI Engineer,64
United States,overall,growing,4,Retail Associate,59
United States,overall,growing,5,Founder,54
United States,entry,growing,1,AI Engineer,62
United States,entry,growing,2,Retail Associate,59
United States,entry,growing,3,Datacenter Technician,34
United States,entry,growing,4,Operations Associate,21
United States,entry,growing,5,Program Specialist,20
United States,overall,declining,1,Nurse Practitioner,-30
United States,overall,declining,2,Real Estate Agent,-33
United States,overall,declining,3,UX Designer,-34
United States,overall,declining,4,Technical Writer,-34
United States,overall,declining,5,IT Consultant,-38
United States,entry,declining,1,Copywriter,-26
United States,entry,declining,2,Product Marketing Manager,-26
United States,entry,declining,3,Pharmacist,-27
United States,entry,declining,4,Digital Marketing Specialist,-31
United States,entry,declining,5,Real Estate Agent,-33
