model,timestamp,money
gpt-5,0,10304.975418
grok-4,0,9858.732055
gemini-2.5-pro,0,10367.248771
qwen3-max,0,9479.400588
deepseek-chat-v3.1,0,9973.90011
claude-sonnet-4-5,0,9911.609547
buynhold_btc,0,9972.2996
gpt-5,1,10879.06785
gemini-2.5-pro,1,11061.194745
grok-4,1,9490.327173
deepseek-chat-v3.1,1,9594.649812
qwen3-max,1,9272.015218
claude-sonnet-4-5,1,9883.4061
buynhold_btc,1,9983.24495
gpt-5,2,10572.460904
gemini-2.5-pro,2,10645.485798
grok-4,2,9773.316915
qwen3-max,2,9450.507598
deepseek-chat-v3.1,2,9864.880284
claude-sonnet-4-5,2,9969.073167
buynhold_btc,2,10029.5522
gpt-5,3,9902.755727
gemini-2.5-pro,3,10040.435023
grok-4,3,10147.054402
qwen3-max,3,9598.198257
deepseek-chat-v3.1,3,10310.36476
claude-sonnet-4-5,3,10090.903949
buynhold_btc,3,9984.274
gpt-5,4,10300.992444
gemini-2.5-pro,4,10414.080284
grok-4,4,9749.901158
qwen3-max,4,9358.251979
deepseek-chat-v3.1,4,10109.505272
claude-sonnet-4-5,4,10030.036234
buynhold_btc,4,10005.50985
gpt-5,5,9912.506432
gemini-2.5-pro,5,10002.402444
deepseek-chat-v3.1,5,10287.223385
grok-4,5,9930.529372
qwen3-max,5,9452.263067
claude-sonnet-4-5,5,10064.684715
buynhold_btc,5,9967.435
gpt-5,6,10470.290175
grok-4,6,9614.021098
gemini-2.5-pro,6,10553.037726
qwen3-max,6,9292.397427
deepseek-chat-v3.1,6,10015.817612
claude-sonnet-4-5,6,10018.821212
buynhold_btc,6,9969.58665
gpt-5,7,10032.693794
gemini-2.5-pro,7,10097.650627
grok-4,7,9916.668335
deepseek-chat-v3.1,7,10287.146805
qwen3-max,7,9439.209802
claude-sonnet-4-5,7,10122.120891
buynhold_btc,7,9983.1514
gpt-5,8,9548.080734
grok-4,8,10218.026463
gemini-2.5-pro,8,9526.402524
deepseek-chat-v3.1,8,10873.198688
qwen3-max,8,9514.302105
claude-sonnet-4-5,8,10255.813751
buynhold_btc,8,10025.436
gpt-5,9,9451.432059
grok-4,9,10332.558263
gemini-2.5-pro,9,9249.480569
deepseek-chat-v3.1,9,10992.049956
qwen3-max,9,9366.315277
claude-sonnet-4-5,9,10184.020293
buynhold_btc,9,9983.43205
gpt-5,10,9569.396505
gemini-2.5-pro,10,9460.802889
grok-4,10,10172.157721
qwen3-max,10,9358.688284
deepseek-chat-v3.1,10,10725.751722
claude-sonnet-4-5,10,10127.81374
buynhold_btc,10,9985.11595
gpt-5,11,9489.200051
gemini-2.5-pro,11,9312.39961
grok-4,11,10253.773623
qwen3-max,11,9450.500389
deepseek-chat-v3.1,11,10753.675888
claude-sonnet-4-5,11,10140.840405
buynhold_btc,11,10013.36805
grok-4,12,10131.707703
gpt-5,12,9584.048258
gemini-2.5-pro,12,9427.060332
qwen3-max,12,9441.992307
deepseek-chat-v3.1,12,10681.947216
claude-sonnet-4-5,12,10143.396043
buynhold_btc,12,10005.182425
gpt-5,13,9350.933358
grok-4,13,10250.874356
gemini-2.5-pro,13,9166.037623
qwen3-max,13,9541.722641
deepseek-chat-v3.1,13,10961.457491
claude-sonnet-4-5,13,10215.573469
buynhold_btc,13,10008.7841
gpt-5,14,9379.643485
gemini-2.5-pro,14,9280.612821
grok-4,14,10076.25527
qwen3-max,14,9492.733778
deepseek-chat-v3.1,14,10768.752892
claude-sonnet-4-5,14,10126.315525
buynhold_btc,14,9990.72895
gpt-5,15,9782.662992
grok-4,15,9892.518888
gemini-2.5-pro,15,9571.20555
qwen3-max,15,9460.465872
deepseek-chat-v3.1,15,10581.676266
claude-sonnet-4-5,15,10056.108763
buynhold_btc,15,10011.2164
gpt-5,16,9632.31522
gemini-2.5-pro,16,9419.690429
grok-4,16,10140.157186
deepseek-chat-v3.1,16,10756.886753
qwen3-max,16,9566.357218
claude-sonnet-4-5,16,10077.285963
buynhold_btc,16,9991.66445
gpt-5,17,9743.865009
grok-4,17,10099.418106
gemini-2.5-pro,17,9570.586021
qwen3-max,17,9512.088999
deepseek-chat-v3.1,17,10622.918856
claude-sonnet-4-5,17,10008.52159
buynhold_btc,17,9970.8028
gpt-5,18,9975.506847
grok-4,18,9876.483944
gemini-2.5-pro,18,9831.694244
deepseek-chat-v3.1,18,10340.793502
qwen3-max,18,9338.142347
claude-sonnet-4-5,18,10015.16533
buynhold_btc,18,9993.53545
gpt-5,19,9481.813577
gemini-2.5-pro,19,9243.742384
grok-4,19,10343.432624
qwen3-max,19,9467.794513
deepseek-chat-v3.1,19,11012.263802
claude-sonnet-4-5,19,10101.88945
buynhold_btc,19,9992.8806
gpt-5,20,9479.899745
grok-4,20,10285.401657
gemini-2.5-pro,20,9354.900776
qwen3-max,20,9441.246871
deepseek-chat-v3.1,20,10910.481912
claude-sonnet-4-5,20,10086.854276
buynhold_btc,20,10001.6743
gpt-5,21,9337.355019
gemini-2.5-pro,21,9153.927356
grok-4,21,10409.828395
qwen3-max,21,9526.457953
deepseek-chat-v3.1,21,10940.586495
claude-sonnet-4-5,21,10127.620116
buynhold_btc,21,10023.84565
gpt-5,22,9330.079047
gemini-2.5-pro,22,9304.149101
grok-4,22,10379.132885
qwen3-max,22,9506.069349
deepseek-chat-v3.1,22,10937.518673
claude-sonnet-4-5,22,10034.640401
buynhold_btc,22,10020.29075
gpt-5,23,9356.386804
deepseek-chat-v3.1,23,10929.779239
gemini-2.5-pro,23,9252.100828
grok-4,23,10465.222689
qwen3-max,23,9579.399876
claude-sonnet-4-5,23,10093.489184
buynhold_btc,23,10024.453725
gpt-5,24,9407.583155
grok-4,24,10389.314833
gemini-2.5-pro,24,9331.476958
qwen3-max,24,9544.050689
deepseek-chat-v3.1,24,10940.858317
claude-sonnet-4-5,24,10089.861765
buynhold_btc,24,10016.36165
gpt-5,25,9360.831615
gemini-2.5-pro,25,9207.664684
grok-4,25,10515.171968
qwen3-max,25,9592.741199
deepseek-chat-v3.1,25,10907.022861
claude-sonnet-4-5,25,10045.410303
buynhold_btc,25,10001.3001
gpt-5,26,9856.951615
gemini-2.5-pro,26,9738.780284
grok-4,26,10073.781467
qwen3-max,26,9437.713266
deepseek-chat-v3.1,26,10429.33203
claude-sonnet-4-5,26,9957.618814
buynhold_btc,26,9998.02585
gpt-5,27,9778.525159
grok-4,27,10191.07675
gemini-2.5-pro,27,9625.491126
qwen3-max,27,9473.644915
deepseek-chat-v3.1,27,10545.081001
claude-sonnet-4-5,27,10005.64006
buynhold_btc,27,9992.41285
gpt-5,28,9840.528299
gemini-2.5-pro,28,9718.777652
grok-4,28,10145.954207
qwen3-max,28,9426.417235
deepseek-chat-v3.1,28,10548.018667
claude-sonnet-4-5,28,9971.068834
buynhold_btc,28,10028.9909
gpt-5,29,9215.019229
gemini-2.5-pro,29,9095.799512
grok-4,29,10574.862864
qwen3-max,29,9589.067223
deepseek-chat-v3.1,29,10973.702129
claude-sonnet-4-5,29,10061.449761
buynhold_btc,29,10015.98745
gpt-5,30,9373.084456
grok-4,30,10492.866489
gemini-2.5-pro,30,9239.856175
deepseek-chat-v3.1,30,10997.351674
qwen3-max,30,9506.525209
claude-sonnet-4-5,30,10082.115761
buynhold_btc,30,10007.1002
gpt-5,31,9512.068853
gemini-2.5-pro,31,9394.583575
grok-4,31,10405.854768
deepseek-chat-v3.1,31,10886.021537
qwen3-max,31,9443.682059
claude-sonnet-4-5,31,10041.869647
buynhold_btc,31,9973.2351
gpt-5,32,9758.164012
gemini-2.5-pro,32,9655.746216
grok-4,32,10140.496129
qwen3-max,32,9385.604198
deepseek-chat-v3.1,32,10659.99946
claude-sonnet-4-5,32,10040.937773
buynhold_btc,32,9988.67085
gpt-5,33,9692.387054
gemini-2.5-pro,33,9601.118848
grok-4,33,10255.219736
deepseek-chat-v3.1,33,10742.905284
qwen3-max,33,9397.350757
claude-sonnet-4-5,33,10033.857365
buynhold_btc,33,9960.60585
gpt-5,34,10202.259962
gemini-2.5-pro,34,10162.029324
grok-4,34,9699.308579
deepseek-chat-v3.1,34,10228.008311
qwen3-max,34,9253.672151
claude-sonnet-4-5,34,9899.742669
buynhold_btc,34,9952.0928
gpt-5,35,9128.474946
gemini-2.5-pro,35,8868.574277
grok-4,35,10849.311406
qwen3-max,35,9745.403212
deepseek-chat-v3.1,35,11118.589231
claude-sonnet-4-5,35,10087.755558
buynhold_btc,35,10070.7142
gpt-5,36,8499.825103
gemini-2.5-pro,36,8346.29791
grok-4,36,11376.175579
qwen3-max,36,9896.518187
deepseek-chat-v3.1,36,11725.622558
claude-sonnet-4-5,36,10260.75279
buynhold_btc,36,10090.07905
gpt-5,37,8613.762943
gemini-2.5-pro,37,8670.3005
grok-4,37,11119.98155
qwen3-max,37,9821.786058
deepseek-chat-v3.1,37,11473.929697
claude-sonnet-4-5,37,10147.215948
buynhold_btc,37,10069.0303
gpt-5,38,8712.351861
gemini-2.5-pro,38,8731.197318
grok-4,38,11121.28932
qwen3-max,38,9752.55428
deepseek-chat-v3.1,38,11398.512374
claude-sonnet-4-5,38,10129.730496
buynhold_btc,38,10072.86585
gpt-5,39,7811.409196
gemini-2.5-pro,39,7770.860121
grok-4,39,11738.715762
qwen3-max,39,10065.750722
deepseek-chat-v3.1,39,12121.612191
claude-sonnet-4-5,39,10258.677658
buynhold_btc,39,10125.25385
gpt-5,40,7580.22215
grok-4,40,12101.706392
gemini-2.5-pro,40,7385.928199
qwen3-max,40,9584.015624
deepseek-chat-v3.1,40,12677.885257
claude-sonnet-4-5,40,10563.174306
buynhold_btc,40,10134.60885
gpt-5,41,7804.738114
grok-4,41,11989.755179
gemini-2.5-pro,41,7564.845253
qwen3-max,41,9584.017986
deepseek-chat-v3.1,41,12424.225503
claude-sonnet-4-5,41,10441.109574
buynhold_btc,41,10136.5734
gpt-5,42,7690.573907
gemini-2.5-pro,42,7516.297423
grok-4,42,12083.294593
qwen3-max,42,9584.017009
deepseek-chat-v3.1,42,12607.226667
claude-sonnet-4-5,42,10911.682999
buynhold_btc,42,10206.3617
gpt-5,43,7567.379906
grok-4,43,12220.309193
gemini-2.5-pro,43,6670.637069
qwen3-max,43,9584.016991
deepseek-chat-v3.1,43,12615.110287
claude-sonnet-4-5,43,10850.620952
buynhold_btc,43,10221.79745
gpt-5,44,7519.668418
gemini-2.5-pro,44,6718.228975
grok-4,44,12229.483572
qwen3-max,44,9584.017134
deepseek-chat-v3.1,44,12649.045047
claude-sonnet-4-5,44,10852.835811
buynhold_btc,44,10182.88065
gpt-5,45,7564.154416
grok-4,45,12147.375784
gemini-2.5-pro,45,6491.82451
qwen3-max,45,9584.016894
deepseek-chat-v3.1,45,12318.229218
claude-sonnet-4-5,45,10789.285424
buynhold_btc,45,10176.14505
gpt-5,46,7488.467865
gemini-2.5-pro,46,6648.34321
grok-4,46,12285.560467
deepseek-chat-v3.1,46,12562.659731
qwen3-max,46,9584.016497
claude-sonnet-4-5,46,10737.032459
buynhold_btc,46,10168.3804
gpt-5,47,7539.86786
grok-4,47,12248.20123
gemini-2.5-pro,47,6565.020991
qwen3-max,47,9584.017698
deepseek-chat-v3.1,47,12374.271476
claude-sonnet-4-5,47,10856.580008
buynhold_btc,47,10217.4006
gpt-5,48,7561.549355
grok-4,48,12433.951814
gemini-2.5-pro,48,6605.947219
qwen3-max,48,9584.01822
deepseek-chat-v3.1,48,12466.809841
claude-sonnet-4-5,48,10717.191886
buynhold_btc,48,10163.1416
gpt-5,49,7592.257061
gemini-2.5-pro,49,6309.954396
grok-4,49,11809.810251
qwen3-max,49,9584.021179
deepseek-chat-v3.1,49,11790.561917
claude-sonnet-4-5,49,10351.011102
buynhold_btc,49,10078.3853
gpt-5,50,7583.099513
gemini-2.5-pro,50,5897.566376
grok-4,50,11379.60164
qwen3-max,50,9751.321173
deepseek-chat-v3.1,50,11370.957955
claude-sonnet-4-5,50,10113.196996
buynhold_btc,50,10097.6566
gpt-5,51,7667.527644
gemini-2.5-pro,51,5681.302586
grok-4,51,11212.755137
qwen3-max,51,9695.0135
deepseek-chat-v3.1,51,11151.095619
claude-sonnet-4-5,51,9988.636078
buynhold_btc,51,10168.5675
gpt-5,52,7629.265896
grok-4,52,11697.382268
gemini-2.5-pro,52,5744.85004
deepseek-chat-v3.1,52,11820.222858
qwen3-max,52,10031.405739
claude-sonnet-4-5,52,10501.429909
buynhold_btc,52,10176.0515
gpt-5,53,7523.873964
gemini-2.5-pro,53,6635.1309
grok-4,53,13048.094989
qwen3-max,53,10662.317469
deepseek-chat-v3.1,53,13591.318679
claude-sonnet-4-5,53,11757.542636
buynhold_btc,53,10308.23765
gpt-5,54,7510.287802
gemini-2.5-pro,54,6847.583294
grok-4,54,13219.86326
qwen3-max,54,10769.510038
deepseek-chat-v3.1,54,13657.454795
claude-sonnet-4-5,54,11953.239461
buynhold_btc,54,10363.05795
gpt-5,55,7531.807564
grok-4,55,13648.755421
gemini-2.5-pro,55,7031.2513
qwen3-max,55,10932.633348
deepseek-chat-v3.1,55,14174.90315
claude-sonnet-4-5,55,12490.720544
buynhold_btc,55,10401.1328
gpt-5,56,7541.538881
gemini-2.5-pro,56,7184.818515
grok-4,56,13815.455619
qwen3-max,56,10971.643189
deepseek-chat-v3.1,56,14244.369627
claude-sonnet-4-5,56,12470.347738
buynhold_btc,56,10400.0102
gpt-5,57,7422.536185
gemini-2.5-pro,57,7049.024151
grok-4,57,13670.157788
qwen3-max,57,10893.362273
deepseek-chat-v3.1,57,13991.609904
claude-sonnet-4-5,57,12393.213099
buynhold_btc,57,10414.9782
gpt-5,58,7382.586964
gemini-2.5-pro,58,6971.211093
grok-4,58,13495.904813
qwen3-max,58,10819.863876
deepseek-chat-v3.1,58,13926.527643
claude-sonnet-4-5,58,12427.292355
buynhold_btc,58,10368.48385
gpt-5,59,7364.352681
gemini-2.5-pro,59,6962.303141
grok-4,59,13623.375953
qwen3-max,59,10847.701088
deepseek-chat-v3.1,59,13989.972226
claude-sonnet-4-5,59,12439.477674
buynhold_btc,59,10385.229299999999
gpt-5,60,7233.773873
grok-4,60,13168.126298
gemini-2.5-pro,60,6756.659206
qwen3-max,60,10720.096839
deepseek-chat-v3.1,60,13518.417865
claude-sonnet-4-5,60,12329.354597
buynhold_btc,60,10356.0417
gpt-5,61,7248.94558
gemini-2.5-pro,61,6791.357639
grok-4,61,13219.080381
qwen3-max,61,10822.382202
deepseek-chat-v3.1,61,13677.567408
claude-sonnet-4-5,61,12338.551675
buynhold_btc,61,10387.8487
gpt-5,62,7210.886329
grok-4,62,13345.021279
gemini-2.5-pro,62,6792.101716
deepseek-chat-v3.1,62,13795.215471
qwen3-max,62,10926.78722
claude-sonnet-4-5,62,12412.389521
buynhold_btc,62,10375.21945
gpt-5,63,7291.406524
grok-4,63,13471.343132
gemini-2.5-pro,63,6868.30337
deepseek-chat-v3.1,63,13659.153612
qwen3-max,63,10883.852079
claude-sonnet-4-5,63,12392.311342
buynhold_btc,63,10385.229299999999
gpt-5,64,7259.280107
grok-4,64,13353.835132
gemini-2.5-pro,64,6878.738604
qwen3-max,64,10856.816912
deepseek-chat-v3.1,64,13713.025182
claude-sonnet-4-5,64,12561.489762
buynhold_btc,64,10416.39105
gpt-5,65,7230.488135
gemini-2.5-pro,65,6629.361344
deepseek-chat-v3.1,65,12610.87722
grok-4,65,12314.778123
qwen3-max,65,10104.508242
claude-sonnet-4-5,65,12083.932362
buynhold_btc,65,10363.7224
gpt-5,66,6839.841122
grok-4,66,12185.459554
gemini-2.5-pro,66,6261.718529
qwen3-max,66,9850.932057
deepseek-chat-v3.1,66,12760.91383
claude-sonnet-4-5,66,11940.197242
buynhold_btc,66,10284.48555
gpt-5,67,6833.455864
gemini-2.5-pro,67,6241.770114
grok-4,67,12105.57185
qwen3-max,67,9659.423992
deepseek-chat-v3.1,67,12670.021217
claude-sonnet-4-5,67,12093.082178
buynhold_btc,67,10364.845
gpt-5,68,7025.262754
gemini-2.5-pro,68,6398.902607
grok-4,68,12451.117071
deepseek-chat-v3.1,68,12892.318674
qwen3-max,68,9890.162268
claude-sonnet-4-5,68,12225.710047
buynhold_btc,68,10376.16455
gpt-5,69,7222.145531
gemini-2.5-pro,69,6501.302112
grok-4,69,12607.77789
qwen3-max,69,9854.176091
deepseek-chat-v3.1,69,13157.535274
claude-sonnet-4-5,69,12561.244122
buynhold_btc,69,10388.2325
gpt-5,70,7267.859564
gemini-2.5-pro,70,6642.836266
grok-4,70,13050.225673
qwen3-max,70,9972.433447
deepseek-chat-v3.1,70,13521.079316
claude-sonnet-4-5,70,12808.029741
buynhold_btc,70,10361.38365
gpt-5,71,6993.435933
gemini-2.5-pro,71,6441.431435
grok-4,71,12531.94265
qwen3-max,71,9682.866271
deepseek-chat-v3.1,71,12982.608035
claude-sonnet-4-5,71,12428.654971
buynhold_btc,71,10368.68055
gpt-5,72,7184.090057
gemini-2.5-pro,72,6466.78132
grok-4,72,12868.699842
qwen3-max,72,9833.871564
deepseek-chat-v3.1,72,13393.238534
claude-sonnet-4-5,72,12457.91582
buynhold_btc,72,10348.006
gpt-5,73,7095.322466
grok-4,73,12649.9581
gemini-2.5-pro,73,6429.470239
qwen3-max,73,9688.621401
deepseek-chat-v3.1,73,12996.334632
claude-sonnet-4-5,73,12308.831722
buynhold_btc,73,10326.77015
gpt-5,74,7056.885026
grok-4,74,12585.317769
gemini-2.5-pro,74,6405.256934
qwen3-max,74,9706.474701
deepseek-chat-v3.1,74,12874.279844
claude-sonnet-4-5,74,12195.929828
buynhold_btc,74,10309.18275
gpt-5,75,6731.689593
grok-4,75,11914.834126
gemini-2.5-pro,75,6307.209467
qwen3-max,75,9392.723014
deepseek-chat-v3.1,75,12286.82663
claude-sonnet-4-5,75,11775.626322
buynhold_btc,75,10256.327
gpt-5,76,6552.942668
grok-4,76,11467.301551
gemini-2.5-pro,76,6174.634829
deepseek-chat-v3.1,76,12137.99081
qwen3-max,76,9291.804153
claude-sonnet-4-5,76,11783.647597
buynhold_btc,76,10248.93655
gpt-5,77,6488.684009
gemini-2.5-pro,77,6211.879349
grok-4,77,11259.220754
qwen3-max,77,9068.48636
deepseek-chat-v3.1,77,11490.664916
claude-sonnet-4-5,77,11154.469717
buynhold_btc,77,10097.1049
gpt-5,78,6066.329248
gemini-2.5-pro,78,6357.041862
grok-4,78,10176.973488
qwen3-max,78,8595.05507
deepseek-chat-v3.1,78,10901.498938
claude-sonnet-4-5,78,10952.650681
buynhold_btc,78,10056.97195
gpt-5,79,6017.965649
grok-4,79,10095.279689
gemini-2.5-pro,79,6389.679097
qwen3-max,79,8342.300944
deepseek-chat-v3.1,79,10952.815009
claude-sonnet-4-5,79,10910.864597
buynhold_btc,79,10101.12755
gpt-5,80,5981.205707
grok-4,80,10365.422705
gemini-2.5-pro,80,6202.44515
qwen3-max,80,8606.30693
deepseek-chat-v3.1,80,11288.780823
claude-sonnet-4-5,80,11071.830473
buynhold_btc,80,10099.44365
gpt-5,81,5940.149735
gemini-2.5-pro,81,6114.62663
grok-4,81,10509.417407
qwen3-max,81,8696.619567
deepseek-chat-v3.1,81,11336.770109
claude-sonnet-4-5,81,11050.821931
buynhold_btc,81,10068.01085
gpt-5,82,5958.425722
gemini-2.5-pro,82,6425.533369
grok-4,82,10096.214476
qwen3-max,82,8460.331839
deepseek-chat-v3.1,82,10968.57365
claude-sonnet-4-5,82,10864.999721
buynhold_btc,82,10076.61745
gpt-5,83,5970.958883
gemini-2.5-pro,83,6428.842182
grok-4,83,10166.984689
qwen3-max,83,8491.628003
deepseek-chat-v3.1,83,11078.942868
claude-sonnet-4-5,83,10926.434941
buynhold_btc,83,10106.4599
gpt-5,84,5590.888056
grok-4,84,10631.704909
gemini-2.5-pro,84,6107.949246
qwen3-max,84,8982.657941
deepseek-chat-v3.1,84,11402.144972
claude-sonnet-4-5,84,10961.040122
buynhold_btc,84,10153.14135
gpt-5,85,5488.69971
gemini-2.5-pro,85,5989.6069
grok-4,85,10771.800035
qwen3-max,85,9137.887149
deepseek-chat-v3.1,85,11584.495239
claude-sonnet-4-5,85,11151.609558
buynhold_btc,85,10205.2487
gpt-5,86,5298.65405
gemini-2.5-pro,86,5942.082494
grok-4,86,10893.358552
deepseek-chat-v3.1,86,11683.91423
qwen3-max,86,9300.414423
claude-sonnet-4-5,86,11015.643682
buynhold_btc,86,10182.32895
gpt-5,87,5439.884682
gemini-2.5-pro,87,6222.2493
grok-4,87,10537.30564
qwen3-max,87,9148.315027
deepseek-chat-v3.1,87,11443.980785
claude-sonnet-4-5,87,11230.596151
buynhold_btc,87,10286.91785
gemini-2.5-pro,88,5266.04434
gpt-5,88,4715.221601
grok-4,88,13754.018271
deepseek-chat-v3.1,88,13838.389354
qwen3-max,88,10981.867032
claude-sonnet-4-5,88,12239.026501
buynhold_btc,88,10590.20695
gpt-5,89,4613.609251
gemini-2.5-pro,89,5677.541785
grok-4,89,15037.148417
qwen3-max,89,11619.35411
deepseek-chat-v3.1,89,15038.931689
claude-sonnet-4-5,89,12298.249674
buynhold_btc,89,10638.47875
gpt-5,90,4492.395491
gemini-2.5-pro,90,5365.575292
grok-4,90,13870.980503
qwen3-max,90,11203.845366
deepseek-chat-v3.1,90,13810.050062
claude-sonnet-4-5,90,12253.16239
buynhold_btc,90,10514.945975
gpt-5,91,4534.624295
gemini-2.5-pro,91,5493.704466
deepseek-chat-v3.1,91,13932.955073
grok-4,91,13761.590398
qwen3-max,91,11020.662554
claude-sonnet-4-5,91,12281.972062
buynhold_btc,91,10435.10105
gpt-5,92,4618.694029
gemini-2.5-pro,92,5550.703417
grok-4,92,13672.620645
qwen3-max,92,11045.264222
deepseek-chat-v3.1,92,13849.18366
claude-sonnet-4-5,92,12294.092493
buynhold_btc,92,10452.0336
gpt-5,93,4605.728393
gemini-2.5-pro,93,5356.980794
grok-4,93,13452.783967
qwen3-max,93,10928.020366
deepseek-chat-v3.1,93,13611.74336
claude-sonnet-4-5,93,11547.940711
buynhold_btc,93,10379.204925
gpt-5,94,4280.868635
gemini-2.5-pro,94,4852.539831
grok-4,94,12536.245379
deepseek-chat-v3.1,94,13022.400249
qwen3-max,94,10567.635013
claude-sonnet-4-5,94,10931.072639
buynhold_btc,94,10357.033575
gpt-5,95,4243.490863
gemini-2.5-pro,95,4852.610116
grok-4,95,12522.370339
qwen3-max,95,10677.68639
deepseek-chat-v3.1,95,12835.547895
claude-sonnet-4-5,95,10096.775007
buynhold_btc,95,10182.4225
gpt-5,96,3894.263424
gemini-2.5-pro,96,4492.472909
grok-4,96,11132.799614
qwen3-max,96,9999.672115
deepseek-chat-v3.1,96,11949.217048
claude-sonnet-4-5,96,8723.582813
buynhold_btc,96,10121.848875
gpt-5,97,3656.865352
gemini-2.5-pro,97,4414.444175
grok-4,97,10450.276841
deepseek-chat-v3.1,97,11279.540848
qwen3-max,97,10088.897712
claude-sonnet-4-5,97,8636.982901
buynhold_btc,97,10100.2856
gpt-5,98,3582.863194
gemini-2.5-pro,98,4506.176466
grok-4,98,10333.122852
deepseek-chat-v3.1,98,11139.669464
qwen3-max,98,10290.752296
claude-sonnet-4-5,98,8628.779366
buynhold_btc,98,10124.0473
gpt-5,99,3662.774329
grok-4,99,10721.614314
gemini-2.5-pro,99,4310.399525
qwen3-max,99,10191.468139
deepseek-chat-v3.1,99,11442.583479
claude-sonnet-4-5,99,8640.676603
buynhold_btc,99,10135.8346
gpt-5,100,3637.169756
gemini-2.5-pro,100,4326.447717
grok-4,100,10514.80099
qwen3-max,100,10330.95
deepseek-chat-v3.1,100,11268.559871
claude-sonnet-4-5,100,8575.652349
buynhold_btc,100,10105.05665
gpt-5,101,3594.592137
gemini-2.5-pro,101,4365.706157
grok-4,101,10421.832358
qwen3-max,101,10338.250606
deepseek-chat-v3.1,101,11344.059061
claude-sonnet-4-5,101,8695.420073
buynhold_btc,101,10155.76075
gpt-5,102,3654.107307
gemini-2.5-pro,102,4248.961834
grok-4,102,10650.95572
qwen3-max,102,10352.773781
deepseek-chat-v3.1,102,11518.52304
claude-sonnet-4-5,102,8668.966569
buynhold_btc,102,10101.50175
gpt-5,103,3525.515381
gemini-2.5-pro,103,4441.876539
grok-4,103,10045.909635
qwen3-max,103,10703.488358
deepseek-chat-v3.1,103,10969.464429
claude-sonnet-4-5,103,8383.008103
buynhold_btc,103,10107.3954
gpt-5,104,3509.967185
gemini-2.5-pro,104,4447.617079
grok-4,104,10013.11332
deepseek-chat-v3.1,104,10954.687993
qwen3-max,104,10467.111397
claude-sonnet-4-5,104,8337.195364
buynhold_btc,104,10119.323025
gpt-5,105,3525.750976
grok-4,105,10197.910991
gemini-2.5-pro,105,4388.939726
qwen3-max,105,10926.361405
deepseek-chat-v3.1,105,11144.475797
claude-sonnet-4-5,105,8391.706908
buynhold_btc,105,10126.57315
gpt-5,106,3492.183526
gemini-2.5-pro,106,4414.355206
grok-4,106,10150.45425
qwen3-max,106,10915.07173
deepseek-chat-v3.1,106,11086.552089
claude-sonnet-4-5,106,8345.163391
buynhold_btc,106,10103.18565
gpt-5,107,3437.7038
gemini-2.5-pro,107,4537.98216
grok-4,107,9785.667853
qwen3-max,107,10389.478052
deepseek-chat-v3.1,107,10778.781923
claude-sonnet-4-5,107,8295.701157
buynhold_btc,107,10093.1758
gpt-5,108,3418.228698
gemini-2.5-pro,108,4582.348897
grok-4,108,9633.923991
qwen3-max,108,9679.132469
deepseek-chat-v3.1,108,10503.075518
claude-sonnet-4-5,108,8193.730113
buynhold_btc,108,10099.163
gpt-5,109,3449.4245
grok-4,109,9838.797215
gemini-2.5-pro,109,4531.092493
qwen3-max,109,9707.133051
deepseek-chat-v3.1,109,10736.035974
claude-sonnet-4-5,109,8339.817872
buynhold_btc,109,10122.5505
gpt-5,110,3450.89559
grok-4,110,9967.004509
gemini-2.5-pro,110,4380.473531
deepseek-chat-v3.1,110,10994.367853
qwen3-max,110,10566.254942
claude-sonnet-4-5,110,8392.441313
buynhold_btc,110,10146.6864
gpt-5,111,3461.499545
grok-4,111,10094.538252
gemini-2.5-pro,111,4246.188937
qwen3-max,111,11814.384088
deepseek-chat-v3.1,111,11263.811991
claude-sonnet-4-5,111,8333.107738
buynhold_btc,111,10103.6534
gpt-5,112,3386.076148
gemini-2.5-pro,112,4290.837677
grok-4,112,9876.699072
qwen3-max,112,12534.154592
deepseek-chat-v3.1,112,11192.771289
claude-sonnet-4-5,112,8426.445299
buynhold_btc,112,10148.9316
gpt-5,113,3381.774148
gemini-2.5-pro,113,4357.716413
grok-4,113,9810.338489
qwen3-max,113,11308.531289
deepseek-chat-v3.1,113,11022.674088
claude-sonnet-4-5,113,8425.466083
buynhold_btc,113,10153.7962
gpt-5,114,3410.729247
gemini-2.5-pro,114,4442.391501
grok-4,114,9761.058998
deepseek-chat-v3.1,114,10877.098413
qwen3-max,114,10807.05441
claude-sonnet-4-5,114,8417.71801
buynhold_btc,114,10094.8597
gpt-5,115,3356.198921
gemini-2.5-pro,115,4606.177581
grok-4,115,9448.545669
deepseek-chat-v3.1,115,10556.700138
qwen3-max,115,10194.887814
claude-sonnet-4-5,115,8277.471127
buynhold_btc,115,10123.95375
gpt-5,116,3342.594998
gemini-2.5-pro,116,4598.677907
grok-4,116,9396.748321
qwen3-max,116,10565.921991
deepseek-chat-v3.1,116,10532.948878
claude-sonnet-4-5,116,8422.740709
buynhold_btc,116,10116.09555
gpt-5,117,3366.863249
gemini-2.5-pro,117,4608.385504
grok-4,117,9194.424399
qwen3-max,117,10515.476609
deepseek-chat-v3.1,117,10365.283098
claude-sonnet-4-5,117,8287.671197
buynhold_btc,117,10097.1049
gpt-5,118,3358.925291
gemini-2.5-pro,118,4699.806707
grok-4,118,8759.038418
deepseek-chat-v3.1,118,9952.358762
qwen3-max,118,9139.898016
claude-sonnet-4-5,118,7957.261435
buynhold_btc,118,10006.26785
gpt-5,119,3523.578236
gemini-2.5-pro,119,4890.517814
grok-4,119,8592.836599
qwen3-max,119,9276.431567
deepseek-chat-v3.1,119,9752.059532
claude-sonnet-4-5,119,7990.553695
buynhold_btc,119,10024.6972
gpt-5,120,3486.823549
gemini-2.5-pro,120,4899.912494
grok-4,120,8561.446646
qwen3-max,120,9491.365241
deepseek-chat-v3.1,120,9942.786927
claude-sonnet-4-5,120,7993.256155
buynhold_btc,120,10079.1433
gpt-5,121,3253.014938
gemini-2.5-pro,121,4663.475434
grok-4,121,8586.126484
qwen3-max,121,9659.249605
deepseek-chat-v3.1,121,10381.665573
claude-sonnet-4-5,121,8170.243088
buynhold_btc,121,10084.47565
gpt-5,122,3199.999026
grok-4,122,8568.868389
gemini-2.5-pro,122,4559.437485
deepseek-chat-v3.1,122,10600.110436
qwen3-max,122,10191.68755
claude-sonnet-4-5,122,8210.495868
buynhold_btc,122,10123.01825
gpt-5,123,3137.376616
gemini-2.5-pro,123,4476.55536
grok-4,123,8495.451248
qwen3-max,123,10837.797753
deepseek-chat-v3.1,123,10740.289877
claude-sonnet-4-5,123,8235.743129
buynhold_btc,123,10130.97
gpt-5,124,3106.708906
gemini-2.5-pro,124,4421.69457
grok-4,124,8450.507024
qwen3-max,124,11332.981708
deepseek-chat-v3.1,124,10994.779564
claude-sonnet-4-5,124,8312.753455
buynhold_btc,124,10163.5254
gpt-5,125,3082.097638
gemini-2.5-pro,125,4397.450666
grok-4,125,8437.53166
qwen3-max,125,11371.486521
deepseek-chat-v3.1,125,11096.041049
claude-sonnet-4-5,125,8296.432869
buynhold_btc,125,10165.7706
gpt-5,126,3033.147345
gemini-2.5-pro,126,4324.690159
grok-4,126,8352.042878
qwen3-max,126,12001.904743
deepseek-chat-v3.1,126,11224.409877
claude-sonnet-4-5,126,8402.287178
buynhold_btc,126,10172.03845
gpt-5,127,2956.351296
gemini-2.5-pro,127,4206.512499
grok-4,127,8400.794708
qwen3-max,127,12406.915468
deepseek-chat-v3.1,127,11487.742724
claude-sonnet-4-5,127,8556.021953
buynhold_btc,127,10288.22755
gpt-5,128,2815.650037
gemini-2.5-pro,128,3874.393328
grok-4,128,8254.061929
deepseek-chat-v3.1,128,12194.141324
qwen3-max,128,14632.734417
claude-sonnet-4-5,128,8767.292834
buynhold_btc,128,10231.6298
gpt-5,129,2805.422144
gemini-2.5-pro,129,4008.663048
grok-4,129,8292.912208
qwen3-max,129,13603.017302
deepseek-chat-v3.1,129,12293.965596
claude-sonnet-4-5,129,8911.227278
buynhold_btc,129,10254.456
gpt-5,130,2744.490729
gemini-2.5-pro,130,3852.815973
grok-4,130,8328.395914
deepseek-chat-v3.1,130,12325.884419
qwen3-max,130,13473.93443
claude-sonnet-4-5,130,8835.695082
buynhold_btc,130,10237.617
gpt-5,131,2791.952059
grok-4,131,8232.913458
gemini-2.5-pro,131,3810.516041
qwen3-max,131,13641.773469
deepseek-chat-v3.1,131,12312.307081
claude-sonnet-4-5,131,8840.292375
buynhold_btc,131,10249.7785
gpt-5,132,2783.365419
gemini-2.5-pro,132,3843.248654
grok-4,132,8226.680894
deepseek-chat-v3.1,132,12186.489964
qwen3-max,132,13503.852214
claude-sonnet-4-5,132,8698.155138
buynhold_btc,132,10230.41365
gpt-5,133,2762.803052
gemini-2.5-pro,133,3944.262855
grok-4,133,8094.461906
qwen3-max,133,12397.695442
deepseek-chat-v3.1,133,11605.066277
claude-sonnet-4-5,133,8481.498573
buynhold_btc,133,10196.2679
gpt-5,134,2766.842403
gemini-2.5-pro,134,3953.395065
grok-4,134,8069.604364
qwen3-max,134,12657.6609
deepseek-chat-v3.1,134,11774.537315
claude-sonnet-4-5,134,8528.905385
buynhold_btc,134,10241.45255
gpt-5,135,2776.172482
gemini-2.5-pro,135,3882.755433
grok-4,135,8086.883034
qwen3-max,135,13435.058126
deepseek-chat-v3.1,135,12001.182942
claude-sonnet-4-5,135,8566.378698
buynhold_btc,135,10266.71105
gemini-2.5-pro,136,3907.913165
gpt-5,136,2779.625876
grok-4,136,8092.278998
qwen3-max,136,13636.213049
deepseek-chat-v3.1,136,12011.835059
claude-sonnet-4-5,136,8780.651261
buynhold_btc,136,10286.216225
gpt-5,137,2688.561483
grok-4,137,8583.970312
gemini-2.5-pro,137,3590.831315
qwen3-max,137,14537.080622
deepseek-chat-v3.1,137,12882.973342
claude-sonnet-4-5,137,8682.191134
buynhold_btc,137,10267.553
gpt-5,138,2697.428691
gemini-2.5-pro,138,3551.06537
grok-4,138,8587.253374
qwen3-max,138,14389.339154
deepseek-chat-v3.1,138,12836.86312
claude-sonnet-4-5,138,8638.049841
buynhold_btc,138,10382.52595
gpt-5,139,2734.244973
grok-4,139,8528.892499
gemini-2.5-pro,139,3388.127855
qwen3-max,139,16922.853725
deepseek-chat-v3.1,139,13222.064455
claude-sonnet-4-5,139,8804.656267
buynhold_btc,139,10337.5284
gpt-5,140,2715.060129
gemini-2.5-pro,140,3607.76738
grok-4,140,8816.900696
qwen3-max,140,15269.824662
deepseek-chat-v3.1,140,12246.290054
claude-sonnet-4-5,140,8659.056021
buynhold_btc,140,10335.18965
gpt-5,141,2709.560895
grok-4,141,8792.98565
gemini-2.5-pro,141,3656.97206
qwen3-max,141,14357.684664
deepseek-chat-v3.1,141,12229.149988
claude-sonnet-4-5,141,8597.994359
buynhold_btc,141,10289.35015
gpt-5,142,2681.887465
gemini-2.5-pro,142,3800.471505
grok-4,142,8684.166278
qwen3-max,142,13768.961302
deepseek-chat-v3.1,142,11998.144811
claude-sonnet-4-5,142,8492.840677
buynhold_btc,142,10248.93655
gpt-5,143,2677.703926
grok-4,143,8680.912076
gemini-2.5-pro,143,3782.450127
qwen3-max,143,13693.757719
deepseek-chat-v3.1,143,11898.713694
claude-sonnet-4-5,143,8519.825285
buynhold_btc,143,10301.6052
gpt-5,144,2699.722539
gemini-2.5-pro,144,3665.756483
grok-4,144,8710.038148
deepseek-chat-v3.1,144,12260.813663
qwen3-max,144,14169.304092
claude-sonnet-4-5,144,8584.980743
buynhold_btc,144,10295.8051
gpt-5,145,2733.366884
gemini-2.5-pro,145,3727.233035
grok-4,145,8561.789664
deepseek-chat-v3.1,145,12477.17066
qwen3-max,145,14452.767279
claude-sonnet-4-5,145,8681.240168
buynhold_btc,145,10327.70565
gpt-5,146,2802.414084
grok-4,146,8686.364879
gemini-2.5-pro,146,3813.257135
deepseek-chat-v3.1,146,12868.803186
qwen3-max,146,15555.500029
claude-sonnet-4-5,146,8829.150308
buynhold_btc,146,10325.83465
grok-4,147,8676.118476
gpt-5,147,2793.259742
gemini-2.5-pro,147,3795.018232
qwen3-max,147,15356.790697
deepseek-chat-v3.1,147,12806.912129
claude-sonnet-4-5,147,8734.367566
buynhold_btc,147,10340.101025
gpt-5,148,2782.210058
gemini-2.5-pro,148,3782.530033
grok-4,148,8688.817238
qwen3-max,148,15430.521732
deepseek-chat-v3.1,148,12903.547254
claude-sonnet-4-5,148,8816.135264
buynhold_btc,148,10329.6702
gpt-5,149,2743.619996
gemini-2.5-pro,149,3739.760828
grok-4,149,8619.867713
deepseek-chat-v3.1,149,12829.322359
qwen3-max,149,15122.055659
claude-sonnet-4-5,149,8817.649031
buynhold_btc,149,10402.35855
gpt-5,150,2829.133256
grok-4,150,8945.144193
gemini-2.5-pro,150,3744.628069
qwen3-max,150,16407.051798
deepseek-chat-v3.1,150,13583.402174
claude-sonnet-4-5,150,9217.716534
buynhold_btc,150,10399.36495
gpt-5,151,2819.578314
gemini-2.5-pro,151,3746.235289
grok-4,151,8965.170603
qwen3-max,151,16753.205904
deepseek-chat-v3.1,151,13747.629136
claude-sonnet-4-5,151,9182.072421
buynhold_btc,151,10433.04295
gpt-5,152,2860.566675
grok-4,152,9055.94473
gemini-2.5-pro,152,3778.420684
qwen3-max,152,17260.074987
deepseek-chat-v3.1,152,13889.56649
claude-sonnet-4-5,152,9188.187426
buynhold_btc,152,10402.0779
gpt-5,153,2666.34056
gemini-2.5-pro,153,3618.987195
grok-4,153,8672.623652
deepseek-chat-v3.1,153,13228.290688
qwen3-max,153,16236.19414
claude-sonnet-4-5,153,8977.772238
buynhold_btc,153,10388.88735
gpt-5,154,2741.594702
gemini-2.5-pro,154,3644.521555
grok-4,154,8773.028724
qwen3-max,154,16535.312239
deepseek-chat-v3.1,154,13500.634089
claude-sonnet-4-5,154,9124.758479
buynhold_btc,154,10419.94595
gpt-5,155,2760.680403
gemini-2.5-pro,155,3681.281788
grok-4,155,8813.580597
qwen3-max,155,16975.544605
deepseek-chat-v3.1,155,13492.987152
claude-sonnet-4-5,155,9140.849266
buynhold_btc,155,10402.35855
gpt-5,156,2714.099573
grok-4,156,8719.542077
gemini-2.5-pro,156,3613.018149
qwen3-max,156,16600.42219
deepseek-chat-v3.1,156,13392.713886
claude-sonnet-4-5,156,9044.268005
buynhold_btc,156,10391.50675
gpt-5,157,2708.305823
gemini-2.5-pro,157,3629.667729
grok-4,157,8833.732323
qwen3-max,157,16817.221073
deepseek-chat-v3.1,157,13573.482528
claude-sonnet-4-5,157,9083.176027
buynhold_btc,157,10426.7751
gpt-5,158,2828.611923
gemini-2.5-pro,158,3756.850896
grok-4,158,8990.635897
qwen3-max,158,16939.934297
deepseek-chat-v3.1,158,13857.55368
claude-sonnet-4-5,158,9273.76597
buynhold_btc,158,10391.9745
gpt-5,159,2702.530551
grok-4,159,8825.042295
gemini-2.5-pro,159,3624.537465
qwen3-max,159,15629.896317
deepseek-chat-v3.1,159,12999.887109
claude-sonnet-4-5,159,8712.190732
buynhold_btc,159,10311.5215
gpt-5,160,2498.90199
gemini-2.5-pro,160,3377.694939
grok-4,160,8294.898886
qwen3-max,160,14943.155952
deepseek-chat-v3.1,160,11969.643861
claude-sonnet-4-5,160,8586.002842
buynhold_btc,160,10333.7864
gpt-5,161,2450.537556
gemini-2.5-pro,161,3309.180519
grok-4,161,8192.374214
qwen3-max,161,14454.379801
deepseek-chat-v3.1,161,11122.787723
claude-sonnet-4-5,161,8409.433828
buynhold_btc,161,10303.8504
gpt-5,162,2476.066181
gemini-2.5-pro,162,3230.915425
grok-4,162,8244.0139
deepseek-chat-v3.1,162,11572.01019
qwen3-max,162,15361.118383
claude-sonnet-4-5,162,8596.913605
buynhold_btc,162,10334.909
gpt-5,163,2506.202703
gemini-2.5-pro,163,3224.411848
deepseek-chat-v3.1,163,11420.784791
grok-4,163,8272.311018
qwen3-max,163,15127.1377
claude-sonnet-4-5,163,8655.24355
buynhold_btc,163,10344.264
gpt-5,164,2610.080148
gemini-2.5-pro,164,3231.3733
grok-4,164,8521.893879
qwen3-max,164,15761.427707
deepseek-chat-v3.1,164,12317.062381
claude-sonnet-4-5,164,8817.521358
buynhold_btc,164,10367.6515
gpt-5,165,2688.708899
gemini-2.5-pro,165,3245.334418
grok-4,165,8624.085721
qwen3-max,165,15633.27764
deepseek-chat-v3.1,165,13041.013583
claude-sonnet-4-5,165,8694.499149
buynhold_btc,165,10361.6643
gpt-5,166,2746.348113
gemini-2.5-pro,166,3285.558892
grok-4,166,8886.728863
qwen3-max,166,16379.280738
deepseek-chat-v3.1,166,13292.284756
claude-sonnet-4-5,166,8836.525371
buynhold_btc,166,10388.88735
gpt-5,167,2770.824793
grok-4,167,8910.05914
gemini-2.5-pro,167,3294.982458
qwen3-max,167,16498.079132
deepseek-chat-v3.1,167,13276.945109
claude-sonnet-4-5,167,8894.400513
buynhold_btc,167,10399.36495
gemini-2.5-pro,168,3296.470308
gpt-5,168,2757.532954
grok-4,168,8821.30662
qwen3-max,168,16283.679143
deepseek-chat-v3.1,168,13019.245908
claude-sonnet-4-5,168,8823.537912
buynhold_btc,168,10395.7165
gpt-5,169,2742.409842
gemini-2.5-pro,169,3290.267535
grok-4,169,8831.703295
qwen3-max,169,16514.199521
deepseek-chat-v3.1,169,13123.244077
claude-sonnet-4-5,169,8832.365152
buynhold_btc,169,10373.2645
gpt-5,170,2696.472366
grok-4,170,8786.11674
gemini-2.5-pro,170,3298.507133
qwen3-max,170,15990.12573
deepseek-chat-v3.1,170,12768.929494
claude-sonnet-4-5,170,8823.675688
buynhold_btc,170,10389.168
gemini-2.5-pro,171,3354.810483
gpt-5,171,2830.408103
grok-4,171,9070.546917
deepseek-chat-v3.1,171,13315.980328
qwen3-max,171,16565.604516
claude-sonnet-4-5,171,8951.249911
buynhold_btc,171,10391.13255
gpt-5,172,2830.078086
grok-4,172,9029.460384
gemini-2.5-pro,172,3342.388593
deepseek-chat-v3.1,172,13291.056639
qwen3-max,172,16562.88438
claude-sonnet-4-5,172,8959.539575
buynhold_btc,172,10397.49395
gpt-5,173,2796.723716
gemini-2.5-pro,173,3274.065743
grok-4,173,8958.022543
qwen3-max,173,16509.204146
deepseek-chat-v3.1,173,13025.529585
claude-sonnet-4-5,173,9026.174506
buynhold_btc,173,10425.2783
gpt-5,174,2859.220665
gemini-2.5-pro,174,3354.517941
grok-4,174,9057.292259
qwen3-max,174,16796.559061
deepseek-chat-v3.1,174,13060.651213
claude-sonnet-4-5,174,9051.358169
buynhold_btc,174,10419.2911
gpt-5,175,2890.016887
gemini-2.5-pro,175,3377.820688
grok-4,175,9212.687784
qwen3-max,175,17285.790105
deepseek-chat-v3.1,175,13512.595733
claude-sonnet-4-5,175,9177.040056
buynhold_btc,175,10420.6008
gpt-5,176,2830.972087
grok-4,176,9053.871159
gemini-2.5-pro,176,3324.810115
qwen3-max,176,17279.141639
deepseek-chat-v3.1,176,13279.451809
claude-sonnet-4-5,176,9147.019593
buynhold_btc,176,10450.7239
gpt-5,177,2833.373385
gemini-2.5-pro,177,3337.643053
grok-4,177,9032.676131
deepseek-chat-v3.1,177,13174.14659
qwen3-max,177,17386.170012
claude-sonnet-4-5,177,9206.709865
buynhold_btc,177,10447.9174
gpt-5,178,2924.453074
gemini-2.5-pro,178,3415.634903
grok-4,178,9206.424741
qwen3-max,178,17838.151697
deepseek-chat-v3.1,178,13871.406754
claude-sonnet-4-5,178,9442.20275
buynhold_btc,178,10462.8854
gemini-2.5-pro,179,3310.066503
gpt-5,179,2816.897011
grok-4,179,9025.652497
deepseek-chat-v3.1,179,13505.104592
qwen3-max,179,17582.579335
claude-sonnet-4-5,179,9173.243321
buynhold_btc,179,10454.8401
gpt-5,180,2828.937542
grok-4,180,8959.741147
gemini-2.5-pro,180,3306.520772
qwen3-max,180,17573.965969
deepseek-chat-v3.1,180,13442.518461
claude-sonnet-4-5,180,9250.236188
buynhold_btc,180,10453.7175
gpt-5,181,2873.156378
gemini-2.5-pro,181,3347.140851
grok-4,181,9049.494607
qwen3-max,181,17479.112554
deepseek-chat-v3.1,181,13530.699787
claude-sonnet-4-5,181,9351.846575
buynhold_btc,181,10455.68205
gemini-2.5-pro,182,3408.081445
gpt-5,182,2967.685604
grok-4,182,9226.138719
deepseek-chat-v3.1,182,13891.173485
qwen3-max,182,18060.450882
claude-sonnet-4-5,182,9416.179816
buynhold_btc,182,10452.5949
gpt-5,183,2936.434402
grok-4,183,9140.57566
gemini-2.5-pro,183,3405.736491
qwen3-max,183,17816.634698
deepseek-chat-v3.1,183,13659.473317
claude-sonnet-4-5,183,9416.260992
buynhold_btc,183,10446.88835
gpt-5,184,2942.331729
gemini-2.5-pro,184,3432.020949
grok-4,184,9096.087758
deepseek-chat-v3.1,184,13480.01549
qwen3-max,184,17416.020695
claude-sonnet-4-5,184,9225.719943
buynhold_btc,184,10436.6914
gpt-5,185,2858.819991
gemini-2.5-pro,185,3411.339996
grok-4,185,8944.875659
qwen3-max,185,17115.371714
deepseek-chat-v3.1,185,13244.037549
claude-sonnet-4-5,185,9107.16854
buynhold_btc,185,10413.3039
gpt-5,186,2853.166401
gemini-2.5-pro,186,3356.088812
grok-4,186,8971.118162
qwen3-max,186,17002.8831
deepseek-chat-v3.1,186,13226.282977
claude-sonnet-4-5,186,9261.227862
buynhold_btc,186,10419.19755
gpt-5,187,2882.321398
gemini-2.5-pro,187,3349.158773
grok-4,187,8999.799606
deepseek-chat-v3.1,187,13354.104338
qwen3-max,187,17039.354413
claude-sonnet-4-5,187,9151.103958
buynhold_btc,187,10459.5176
gpt-5,188,3066.955873
gemini-2.5-pro,188,3552.536829
qwen3-max,188,17778.274413
grok-4,188,9307.69937
deepseek-chat-v3.1,188,14223.308008
claude-sonnet-4-5,188,9542.0849
buynhold_btc,188,10448.6658
gpt-5,189,3034.25819
grok-4,189,9228.22091
gemini-2.5-pro,189,3448.391379
qwen3-max,189,17635.602511
deepseek-chat-v3.1,189,14206.854248
claude-sonnet-4-5,189,9507.778472
buynhold_btc,189,10427.1493
gpt-5,190,2998.764783
gemini-2.5-pro,190,3402.525028
grok-4,190,9106.395026
deepseek-chat-v3.1,190,13841.680363
qwen3-max,190,17203.632379
claude-sonnet-4-5,190,9342.754277
buynhold_btc,190,10424.99765
gpt-5,191,3003.294184
gemini-2.5-pro,191,3397.422978
grok-4,191,9125.94754
qwen3-max,191,17171.501169
deepseek-chat-v3.1,191,13868.372824
claude-sonnet-4-5,191,9296.724622
buynhold_btc,191,10444.1754
gpt-5,192,3049.228504
gemini-2.5-pro,192,3447.052178
grok-4,192,9203.963652
qwen3-max,192,17445.126308
deepseek-chat-v3.1,192,14206.02159
claude-sonnet-4-5,192,9481.825033
buynhold_btc,192,10447.5432
gemini-2.5-pro,193,3391.070984
gpt-5,193,2993.332122
grok-4,193,9100.014457
qwen3-max,193,17485.510982
deepseek-chat-v3.1,193,13835.591462
claude-sonnet-4-5,193,9374.994747
buynhold_btc,193,10466.72095
gpt-5,194,3008.758616
gemini-2.5-pro,194,3421.692641
grok-4,194,9153.781231
qwen3-max,194,17721.893843
deepseek-chat-v3.1,194,14050.929051
claude-sonnet-4-5,194,9515.333512
buynhold_btc,194,10461.9499
gpt-5,195,2968.151752
gemini-2.5-pro,195,3372.527396
grok-4,195,9022.067051
deepseek-chat-v3.1,195,13284.114732
qwen3-max,195,17391.838566
claude-sonnet-4-5,195,9209.408087
buynhold_btc,195,10444.9238
gpt-5,196,2909.912481
gemini-2.5-pro,196,3327.041609
grok-4,196,8936.471661
qwen3-max,196,17138.227993
deepseek-chat-v3.1,196,13121.415329
claude-sonnet-4-5,196,9130.954635
buynhold_btc,196,10429.67515
gpt-5,197,2908.670273
gemini-2.5-pro,197,3322.484465
grok-4,197,8900.453071
deepseek-chat-v3.1,197,13224.025969
qwen3-max,197,16798.381976
claude-sonnet-4-5,197,9104.359107
buynhold_btc,197,10427.61705
gpt-5,198,2952.0876
grok-4,198,9014.366331
gemini-2.5-pro,198,3337.387982
deepseek-chat-v3.1,198,13470.906672
qwen3-max,198,17072.011917
claude-sonnet-4-5,198,9253.199858
buynhold_btc,198,10448.94645
gpt-5,199,2999.777352
gemini-2.5-pro,199,3370.865579
grok-4,199,9121.725876
deepseek-chat-v3.1,199,13716.17358
qwen3-max,199,17420.11735
claude-sonnet-4-5,199,9326.610835
buynhold_btc,199,10447.44965
gemini-2.5-pro,200,3397.779114
gpt-5,200,3028.295538
grok-4,200,9174.140946
qwen3-max,200,17497.742268
deepseek-chat-v3.1,200,13806.775648
claude-sonnet-4-5,200,9446.700094
buynhold_btc,200,10454.18525
gpt-5,201,3039.219753
grok-4,201,9232.860246
gemini-2.5-pro,201,3404.615492
deepseek-chat-v3.1,201,14128.758706
qwen3-max,201,17802.72503
claude-sonnet-4-5,201,9549.363299
buynhold_btc,201,10468.3113
gpt-5,202,3090.306734
gemini-2.5-pro,202,3445.443221
grok-4,202,9310.173757
qwen3-max,202,17843.106494
deepseek-chat-v3.1,202,14321.411727
claude-sonnet-4-5,202,9607.281988
buynhold_btc,202,10519.3896
qwen3-max,203,18615.99015
gpt-5,203,3235.687236
gemini-2.5-pro,203,3599.157701
grok-4,203,9798.370198
deepseek-chat-v3.1,203,15417.619917
claude-sonnet-4-5,203,10034.051565
buynhold_btc,203,10522.47675
gpt-5,204,3185.227934
gemini-2.5-pro,204,3522.555292
grok-4,204,9652.8599
qwen3-max,204,18696.515751
deepseek-chat-v3.1,204,15068.438043
claude-sonnet-4-5,204,10034.319022
buynhold_btc,204,10577.7648
gpt-5,205,3406.042716
gemini-2.5-pro,205,3793.056212
grok-4,205,10318.30267
qwen3-max,205,19265.736981
deepseek-chat-v3.1,205,17417.391529
claude-sonnet-4-5,205,11050.529979
buynhold_btc,205,10626.87855
gpt-5,206,3479.827518
gemini-2.5-pro,206,3871.760536
grok-4,206,10389.359195
deepseek-chat-v3.1,206,18234.374556
qwen3-max,206,19410.845866
claude-sonnet-4-5,206,11187.34024
buynhold_btc,206,10638.5723
gpt-5,207,3538.115666
gemini-2.5-pro,207,3882.051038
grok-4,207,10424.096747
qwen3-max,207,19425.303537
deepseek-chat-v3.1,207,18371.771806
claude-sonnet-4-5,207,11345.35942
buynhold_btc,207,10655.31775
gemini-2.5-pro,208,3840.983438
gpt-5,208,3462.827794
grok-4,208,10309.625685
deepseek-chat-v3.1,208,17737.331809
qwen3-max,208,19326.532339
claude-sonnet-4-5,208,11168.612018
buynhold_btc,208,10623.9785
gpt-5,209,3534.0285
gemini-2.5-pro,209,3892.45258
grok-4,209,10463.2433
qwen3-max,209,19370.470136
deepseek-chat-v3.1,209,17780.1727
claude-sonnet-4-5,209,11174.994996
buynhold_btc,209,10630.80765
gpt-5,210,3410.11247
gemini-2.5-pro,210,3768.496496
grok-4,210,10230.032071
deepseek-chat-v3.1,210,17448.955305
qwen3-max,210,19360.139298
claude-sonnet-4-5,210,11168.475285
buynhold_btc,210,10634.17545
gpt-5,211,3417.932551
gemini-2.5-pro,211,3774.691296
grok-4,211,10239.485811
qwen3-max,211,19304.249222
deepseek-chat-v3.1,211,17723.322311
claude-sonnet-4-5,211,11167.988923
buynhold_btc,211,10650.64025
gpt-5,212,3452.168549
gemini-2.5-pro,212,3813.776089
grok-4,212,10303.81345
qwen3-max,212,19370.96799
deepseek-chat-v3.1,212,17830.097135
claude-sonnet-4-5,212,11136.177133
buynhold_btc,212,10638.66585
gpt-5,213,3414.422461
grok-4,213,10206.972565
gemini-2.5-pro,213,3766.018789
qwen3-max,213,19361.306691
deepseek-chat-v3.1,213,17605.843623
claude-sonnet-4-5,213,11090.495353
buynhold_btc,213,10619.20745
gpt-5,214,3326.492933
gemini-2.5-pro,214,3705.168239
grok-4,214,10071.741277
qwen3-max,214,19242.437628
deepseek-chat-v3.1,214,17566.879793
claude-sonnet-4-5,214,11037.764041
buynhold_btc,214,10614.4364
gpt-5,215,3411.048109
grok-4,215,10384.038666
gemini-2.5-pro,215,3873.561019
qwen3-max,215,19471.967242
deepseek-chat-v3.1,215,20670.298347
claude-sonnet-4-5,215,12107.070966
buynhold_btc,215,10718.18335
gpt-5,216,3886.876337
grok-4,216,11012.419854
gemini-2.5-pro,216,4165.380773
deepseek-chat-v3.1,216,21003.547499
qwen3-max,216,20350.1755
claude-sonnet-4-5,216,12148.643119
buynhold_btc,216,10729.3158
gpt-5,217,3842.7258
gemini-2.5-pro,217,4131.785753
grok-4,217,10889.909196
qwen3-max,217,20280.346372
deepseek-chat-v3.1,217,20883.778118
claude-sonnet-4-5,217,12183.207736
buynhold_btc,217,10755.22915
gpt-5,218,4006.119398
gemini-2.5-pro,218,4245.185597
deepseek-chat-v3.1,218,21553.91865
grok-4,218,11272.685175
qwen3-max,218,20425.393499
claude-sonnet-4-5,218,12272.284323
buynhold_btc,218,10795.08145
gpt-5,219,4145.361089
gemini-2.5-pro,219,4395.201597
grok-4,219,11580.677004
deepseek-chat-v3.1,219,22176.835397
qwen3-max,219,20659.059455
claude-sonnet-4-5,219,12439.475176
buynhold_btc,219,10766.9229
gpt-5,220,4108.86877
grok-4,220,11425.313602
gemini-2.5-pro,220,4361.30645
qwen3-max,220,20799.245271
deepseek-chat-v3.1,220,22654.724115
claude-sonnet-4-5,220,12377.085949
buynhold_btc,220,10767.6713
gpt-5,221,4096.987369
gemini-2.5-pro,221,4332.219188
grok-4,221,11384.913196
deepseek-chat-v3.1,221,22547.442554
qwen3-max,221,20765.829208
claude-sonnet-4-5,221,12274.034213
buynhold_btc,221,10791.52655
gpt-5,222,4112.564819
gemini-2.5-pro,222,4352.49645
grok-4,222,11437.758391
qwen3-max,222,20927.865931
deepseek-chat-v3.1,222,22721.361557
claude-sonnet-4-5,222,12603.869406
buynhold_btc,222,10814.2592
gpt-5,223,4180.921183
gemini-2.5-pro,223,4400.799688
grok-4,223,11518.692749
qwen3-max,223,20715.672098
deepseek-chat-v3.1,223,22732.746298
claude-sonnet-4-5,223,12584.595622
buynhold_btc,223,10840.17255
gpt-5,224,4238.250909
gemini-2.5-pro,224,4472.895604
grok-4,224,11639.45332
qwen3-max,224,20852.665658
deepseek-chat-v3.1,224,23063.722356
claude-sonnet-4-5,224,12817.349876
buynhold_btc,224,10816.59795
grok-4,225,11347.81988
gpt-5,225,4042.76262
gemini-2.5-pro,225,4260.959046
qwen3-max,225,19643.167081
deepseek-chat-v3.1,225,22526.631038
claude-sonnet-4-5,225,12384.683357
buynhold_btc,225,10795.3621
gpt-5,226,3867.33788
gemini-2.5-pro,226,4097.971908
grok-4,226,10949.735917
qwen3-max,226,18290.677131
deepseek-chat-v3.1,226,21966.754772
claude-sonnet-4-5,226,11948.784534
buynhold_btc,226,10794.89435
gpt-5,227,3844.973326
gemini-2.5-pro,227,4088.072308
grok-4,227,10882.299829
qwen3-max,227,18230.582811
deepseek-chat-v3.1,227,21979.668633
claude-sonnet-4-5,227,12117.335538
buynhold_btc,227,10814.91405
gpt-5,228,3879.975629
gemini-2.5-pro,228,4147.363804
grok-4,228,10992.202838
qwen3-max,228,18462.800424
deepseek-chat-v3.1,228,22240.333047
claude-sonnet-4-5,228,12346.056692
buynhold_btc,228,10812.10755
gpt-5,229,3928.933947
gemini-2.5-pro,229,4184.313891
grok-4,229,11081.848006
qwen3-max,229,18205.563793
deepseek-chat-v3.1,229,22266.712154
claude-sonnet-4-5,229,12270.08032
buynhold_btc,229,10778.05535
gpt-5,230,3844.583879
grok-4,230,10892.479669
gemini-2.5-pro,230,4056.035342
deepseek-chat-v3.1,230,22075.295381
qwen3-max,230,18048.035581
claude-sonnet-4-5,230,12255.776183
buynhold_btc,230,10741.2902
gpt-5,231,3889.968115
grok-4,231,10959.10542
gemini-2.5-pro,231,4072.925047
deepseek-chat-v3.1,231,22151.900773
qwen3-max,231,18602.022106
claude-sonnet-4-5,231,11691.795054
buynhold_btc,231,10760.5615
gpt-5,232,3737.54415
grok-4,232,10617.461648
gemini-2.5-pro,232,3900.451973
qwen3-max,232,18063.804931
deepseek-chat-v3.1,232,21915.507922
claude-sonnet-4-5,232,11816.79838
buynhold_btc,232,10764.1164
gemini-2.5-pro,233,4061.186333
gpt-5,233,3883.31331
grok-4,233,10930.24107
qwen3-max,233,18631.388929
deepseek-chat-v3.1,233,22268.730237
claude-sonnet-4-5,233,12318.335205
buynhold_btc,233,10813.79145
gpt-5,234,4113.957597
gemini-2.5-pro,234,4301.952446
grok-4,234,11276.194168
deepseek-chat-v3.1,234,22669.364808
qwen3-max,234,19418.763144
claude-sonnet-4-5,234,12577.622506
buynhold_btc,234,10829.6014
gpt-5,235,4130.505747
gemini-2.5-pro,235,4358.620274
grok-4,235,11437.191637
qwen3-max,235,19483.281433
deepseek-chat-v3.1,235,22757.186828
claude-sonnet-4-5,235,12747.06131
buynhold_btc,235,10808.73975
gpt-5,236,4083.899844
gemini-2.5-pro,236,4284.140715
grok-4,236,11235.949324
qwen3-max,236,19185.241506
deepseek-chat-v3.1,236,22362.709189
claude-sonnet-4-5,236,12287.67707
buynhold_btc,236,10762.8067
gemini-2.5-pro,237,4132.544717
gpt-5,237,3912.559777
grok-4,237,10919.732831
qwen3-max,237,18180.216122
deepseek-chat-v3.1,237,22025.990617
claude-sonnet-4-5,237,11833.437085
buynhold_btc,237,10730.90615
gpt-5,238,3685.308444
gemini-2.5-pro,238,3909.514452
grok-4,238,10513.087843
deepseek-chat-v3.1,238,21731.500398
qwen3-max,238,17630.6743
claude-sonnet-4-5,238,11632.161522
buynhold_btc,238,10697.04105
gpt-5,239,3660.268276
grok-4,239,10478.540968
gemini-2.5-pro,239,3883.073173
qwen3-max,239,16946.084917
deepseek-chat-v3.1,239,21630.18903
claude-sonnet-4-5,239,11529.373022
buynhold_btc,239,10699.28625
gpt-5,240,3607.962698
grok-4,240,10394.871008
gemini-2.5-pro,240,3860.673018
qwen3-max,240,16741.373691
deepseek-chat-v3.1,240,21434.545232
claude-sonnet-4-5,240,11156.94623
buynhold_btc,240,10679.82785
gpt-5,241,3620.988349
grok-4,241,10342.432022
gemini-2.5-pro,241,3870.398141
qwen3-max,241,16779.022456
deepseek-chat-v3.1,241,21452.998354
claude-sonnet-4-5,241,11264.250487
buynhold_btc,241,10674.6826
gpt-5,242,3665.027648
gemini-2.5-pro,242,3906.81613
grok-4,242,10436.697566
qwen3-max,242,16746.592553
deepseek-chat-v3.1,242,21615.006564
claude-sonnet-4-5,242,11462.055841
buynhold_btc,242,10697.883
gpt-5,243,3833.87477
gemini-2.5-pro,243,3989.658816
grok-4,243,10621.128944
qwen3-max,243,17047.038489
deepseek-chat-v3.1,243,21852.865129
claude-sonnet-4-5,243,11588.569388
buynhold_btc,243,10681.32465
gpt-5,244,3691.565234
gemini-2.5-pro,244,3812.323515
grok-4,244,10298.497963
deepseek-chat-v3.1,244,21331.257302
qwen3-max,244,16702.168823
claude-sonnet-4-5,244,11257.186301
buynhold_btc,244,10663.17595
gpt-5,245,3715.988803
gemini-2.5-pro,245,3821.890546
grok-4,245,10278.825582
qwen3-max,245,16682.879413
deepseek-chat-v3.1,245,21288.05718
claude-sonnet-4-5,245,11185.506076
buynhold_btc,245,10659.7146
gpt-5,246,3735.408972
gemini-2.5-pro,246,3859.540946
grok-4,246,10378.417322
qwen3-max,246,16675.269401
deepseek-chat-v3.1,246,21473.794606
claude-sonnet-4-5,246,11171.707297
buynhold_btc,246,10653.82095
gpt-5,247,3486.792638
gemini-2.5-pro,247,3725.258969
grok-4,247,10005.918332
qwen3-max,247,16484.432902
deepseek-chat-v3.1,247,20979.268917
claude-sonnet-4-5,247,10913.881502
buynhold_btc,247,10670.47285
gpt-5,248,3763.875037
gemini-2.5-pro,248,3869.929828
grok-4,248,10475.588313
qwen3-max,248,16850.581594
deepseek-chat-v3.1,248,21617.46647
claude-sonnet-4-5,248,11398.535933
buynhold_btc,248,10681.4182
gpt-5,249,3861.736306
gemini-2.5-pro,249,3872.486661
grok-4,249,10438.072928
deepseek-chat-v3.1,249,21537.370825
qwen3-max,249,16852.459629
claude-sonnet-4-5,249,11385.269866
buynhold_btc,249,10707.14445
gpt-5,250,3896.571593
gemini-2.5-pro,250,3950.026465
grok-4,250,10597.034185
deepseek-chat-v3.1,250,21830.909157
qwen3-max,250,17106.185483
claude-sonnet-4-5,250,11520.999911
buynhold_btc,250,10701.2508
gpt-5,251,3870.022414
gemini-2.5-pro,251,3948.999955
grok-4,251,10589.454567
qwen3-max,251,17073.020443
deepseek-chat-v3.1,251,21687.604498
claude-sonnet-4-5,251,11541.762717
buynhold_btc,251,10710.98
grok-4,252,10468.566687
gpt-5,252,3792.641796
gemini-2.5-pro,252,3886.845186
deepseek-chat-v3.1,252,21590.456011
qwen3-max,252,17101.904755
claude-sonnet-4-5,252,11504.637268
buynhold_btc,252,10726.5093
gpt-5,253,3735.125583
gemini-2.5-pro,253,3814.579866
grok-4,253,10356.968608
qwen3-max,253,16957.051293
deepseek-chat-v3.1,253,21473.051766
claude-sonnet-4-5,253,11356.256901
buynhold_btc,253,10701.71855
gpt-5,254,3827.492787
gemini-2.5-pro,254,3933.928232
grok-4,254,10597.618915
deepseek-chat-v3.1,254,21832.380118
qwen3-max,254,17128.286937
claude-sonnet-4-5,254,11798.684615
buynhold_btc,254,10770.94555
gpt-5,255,3985.707119
grok-4,255,10990.229135
gemini-2.5-pro,255,4160.494752
deepseek-chat-v3.1,255,22164.421597
qwen3-max,255,17851.39279
claude-sonnet-4-5,255,12117.211099
buynhold_btc,255,10801.44285
gpt-5,256,3754.427446
gemini-2.5-pro,256,3873.561611
grok-4,256,10506.043235
qwen3-max,256,17603.602795
deepseek-chat-v3.1,256,21691.108039
claude-sonnet-4-5,256,12013.525349
buynhold_btc,256,10738.1095
gpt-5,257,3712.850951
gemini-2.5-pro,257,3806.797881
grok-4,257,10333.343992
qwen3-max,257,17130.976632
deepseek-chat-v3.1,257,21484.389559
claude-sonnet-4-5,257,11573.732659
buynhold_btc,257,10771.2262
gpt-5,258,3875.542618
gemini-2.5-pro,258,4039.883909
grok-4,258,10815.824889
qwen3-max,258,17748.964091
deepseek-chat-v3.1,258,21915.216296
claude-sonnet-4-5,258,12136.134937
buynhold_btc,258,10811.2656
gpt-5,259,3924.76547
grok-4,259,10895.902709
gemini-2.5-pro,259,4081.62724
deepseek-chat-v3.1,259,21862.182766
qwen3-max,259,17549.35207
claude-sonnet-4-5,259,12126.823792
buynhold_btc,259,10737.45465
gpt-5,260,3831.080649
gemini-2.5-pro,260,4023.607253
grok-4,260,10694.002842
qwen3-max,260,17419.822486
deepseek-chat-v3.1,260,21759.99954
claude-sonnet-4-5,260,11891.265342
buynhold_btc,260,10673.1858
gpt-5,261,3428.65623
grok-4,261,9751.809814
gemini-2.5-pro,261,3464.353531
qwen3-max,261,16388.025047
deepseek-chat-v3.1,261,19986.74456
claude-sonnet-4-5,261,10269.576548
buynhold_btc,261,10572.3389
gpt-5,262,3337.988565
gemini-2.5-pro,262,3691.292884
grok-4,262,8721.640753
qwen3-max,262,15676.705675
deepseek-chat-v3.1,262,18127.952747
claude-sonnet-4-5,262,9698.066175
buynhold_btc,262,10567.6614
gpt-5,263,3293.240372
grok-4,263,8831.924717
gemini-2.5-pro,263,3623.035319
qwen3-max,263,16065.494687
deepseek-chat-v3.1,263,18690.797271
claude-sonnet-4-5,263,9794.29289
buynhold_btc,263,10590.76825
gpt-5,264,3443.203685
gemini-2.5-pro,264,3409.22869
grok-4,264,9098.197268
qwen3-max,264,16014.821519
deepseek-chat-v3.1,264,18834.246996
claude-sonnet-4-5,264,9848.199952
buynhold_btc,264,10575.3325
gpt-5,265,3298.768199
gemini-2.5-pro,265,3538.680933
grok-4,265,8935.427493
qwen3-max,265,15856.841325
deepseek-chat-v3.1,265,18675.223864
claude-sonnet-4-5,265,9844.306804
buynhold_btc,265,10542.68355
gpt-5,266,3185.132149
gemini-2.5-pro,266,3585.096057
grok-4,266,8876.328787
deepseek-chat-v3.1,266,18720.89593
qwen3-max,266,15633.895283
claude-sonnet-4-5,266,9838.600732
buynhold_btc,266,10531.83175
gpt-5,267,3264.905642
gemini-2.5-pro,267,3509.797601
grok-4,267,8958.71608
qwen3-max,267,15441.549268
deepseek-chat-v3.1,267,18773.321692
claude-sonnet-4-5,267,9880.64543
buynhold_btc,267,10535.4802
gpt-5,268,3335.729283
gemini-2.5-pro,268,3451.201319
grok-4,268,9018.684121
qwen3-max,268,15494.311599
deepseek-chat-v3.1,268,18882.264157
claude-sonnet-4-5,268,9830.639632
buynhold_btc,268,10527.8091
gpt-5,269,3235.153524
gemini-2.5-pro,269,3509.253479
grok-4,269,8920.074255
qwen3-max,269,15464.115154
deepseek-chat-v3.1,269,18840.538759
claude-sonnet-4-5,269,9855.02801
buynhold_btc,269,10549.3256
gpt-5,270,3404.660035
grok-4,270,9101.478484
gemini-2.5-pro,270,3381.80304
qwen3-max,270,15732.436261
deepseek-chat-v3.1,270,19202.811274
claude-sonnet-4-5,270,9877.728917
buynhold_btc,270,10596.1006
gpt-5,271,3497.453964
gemini-2.5-pro,271,3296.725022
grok-4,271,9184.846454
qwen3-max,271,15751.19543
deepseek-chat-v3.1,271,19240.977075
claude-sonnet-4-5,271,9926.552451
buynhold_btc,271,10574.30345
gpt-5,272,3594.899553
gemini-2.5-pro,272,3228.257879
grok-4,272,9330.231956
qwen3-max,272,15931.792559
deepseek-chat-v3.1,272,19467.92354
claude-sonnet-4-5,272,9940.914359
buynhold_btc,272,10607.8879
gpt-5,273,3640.576958
grok-4,273,9401.411624
gemini-2.5-pro,273,3213.985319
qwen3-max,273,16200.107299
deepseek-chat-v3.1,273,19420.53109
claude-sonnet-4-5,273,9929.54594
buynhold_btc,273,10575.8938
gpt-5,274,3435.403376
grok-4,274,9178.288934
gemini-2.5-pro,274,3358.57936
qwen3-max,274,15806.786136
deepseek-chat-v3.1,274,19141.967774
claude-sonnet-4-5,274,9900.066457
buynhold_btc,274,10563.451649999999
gpt-5,275,3433.798502
gemini-2.5-pro,275,3383.17826
grok-4,275,9171.713169
qwen3-max,275,15770.465832
deepseek-chat-v3.1,275,19139.799518
claude-sonnet-4-5,275,9964.28769
buynhold_btc,275,10590.3005
gpt-5,276,3452.130887
gemini-2.5-pro,276,3259.580261
grok-4,276,9252.604178
qwen3-max,276,15620.586403
deepseek-chat-v3.1,276,19223.171391
claude-sonnet-4-5,276,10025.487804
buynhold_btc,276,10590.1134
gpt-5,277,3644.855803
gemini-2.5-pro,277,3223.623925
grok-4,277,9528.591821
qwen3-max,277,15917.464782
deepseek-chat-v3.1,277,19866.137513
claude-sonnet-4-5,277,10082.936914
buynhold_btc,277,10580.9455
gpt-5,278,3694.659987
gemini-2.5-pro,278,3233.418537
grok-4,278,9635.825435
qwen3-max,278,15846.463016
deepseek-chat-v3.1,278,20132.743022
claude-sonnet-4-5,278,10132.32776
buynhold_btc,278,10572.9002
gemini-2.5-pro,279,3334.888377
gpt-5,279,3576.216453
grok-4,279,9280.664539
qwen3-max,279,15566.023486
deepseek-chat-v3.1,279,19448.498706
claude-sonnet-4-5,279,10064.613496
buynhold_btc,279,10535.38665
gpt-5,280,3456.955332
grok-4,280,9242.9611
gemini-2.5-pro,280,3380.20455
qwen3-max,280,15328.427449
deepseek-chat-v3.1,280,19592.286734
claude-sonnet-4-5,280,10096.063094
buynhold_btc,280,10471.58555
gpt-5,281,3121.261404
gemini-2.5-pro,281,3461.576754
grok-4,281,8621.314064
deepseek-chat-v3.1,281,18665.716974
qwen3-max,281,14678.079623
claude-sonnet-4-5,281,9917.770489
buynhold_btc,281,10408.71995
gpt-5,282,3111.186418
gemini-2.5-pro,282,3350.149962
grok-4,282,8705.871519
qwen3-max,282,14457.835728
deepseek-chat-v3.1,282,18832.733725
claude-sonnet-4-5,282,9951.753149
buynhold_btc,282,10449.69485
gpt-5,283,3361.546143
gemini-2.5-pro,283,3114.387125
grok-4,283,9142.059917
qwen3-max,283,14769.753329
deepseek-chat-v3.1,283,19395.649789
claude-sonnet-4-5,283,10007.080025
buynhold_btc,283,10285.1404
gpt-5,284,3168.975978
gemini-2.5-pro,284,3192.331911
grok-4,284,8558.007911
qwen3-max,284,14356.999139
deepseek-chat-v3.1,284,18352.429029
claude-sonnet-4-5,284,9694.433055
buynhold_btc,284,10347.53825
gpt-5,285,3117.533921
gemini-2.5-pro,285,3263.253898
grok-4,285,8638.664376
qwen3-max,285,14186.466516
deepseek-chat-v3.1,285,18029.940359
claude-sonnet-4-5,285,9532.237048
buynhold_btc,285,10423.5944
gpt-5,286,3191.994272
gemini-2.5-pro,286,3002.633997
grok-4,286,8967.363852
qwen3-max,286,14611.247186
deepseek-chat-v3.1,286,18750.591364
claude-sonnet-4-5,286,9670.862344
buynhold_btc,286,10467.0016
gpt-5,287,3242.915026
grok-4,287,9055.780539
gemini-2.5-pro,287,2943.443261
qwen3-max,287,14670.679543
deepseek-chat-v3.1,287,18918.593612
claude-sonnet-4-5,287,9701.138873
buynhold_btc,287,10405.72635
gpt-5,288,3234.739148
gemini-2.5-pro,288,3024.650794
grok-4,288,8780.398522
deepseek-chat-v3.1,288,18571.302525
qwen3-max,288,14302.803563
claude-sonnet-4-5,288,9602.048507
buynhold_btc,288,10296.83415
gpt-5,289,3155.89637
grok-4,289,8238.670598
gemini-2.5-pro,289,3307.383024
qwen3-max,289,13693.375866
deepseek-chat-v3.1,289,17895.983469
claude-sonnet-4-5,289,9431.0915
buynhold_btc,289,10326.6766
gpt-5,290,3218.127283
grok-4,290,8436.239726
gemini-2.5-pro,290,3199.218713
qwen3-max,290,13980.883755
deepseek-chat-v3.1,290,17994.796018
claude-sonnet-4-5,290,9553.724369
buynhold_btc,290,10353.619
gpt-5,291,3300.929619
gemini-2.5-pro,291,3140.474812
grok-4,291,8515.690296
qwen3-max,291,13944.332543
deepseek-chat-v3.1,291,18353.164787
claude-sonnet-4-5,291,9623.929827
buynhold_btc,291,10389.9164
gpt-5,292,3353.6522
gemini-2.5-pro,292,3005.445297
grok-4,292,8783.97366
qwen3-max,292,14198.376806
deepseek-chat-v3.1,292,18877.253037
claude-sonnet-4-5,292,9694.063844
buynhold_btc,292,10377.0065
gpt-5,293,3311.439265
grok-4,293,8694.39288
gemini-2.5-pro,293,3053.197005
deepseek-chat-v3.1,293,18616.973453
qwen3-max,293,14158.522777
claude-sonnet-4-5,293,9529.59394
buynhold_btc,293,10243.9784
gpt-5,294,3012.98177
gemini-2.5-pro,294,3488.181
grok-4,294,7549.389329
qwen3-max,294,12574.429084
deepseek-chat-v3.1,294,16880.959146
claude-sonnet-4-5,294,9371.366847
buynhold_btc,294,10237.9912
gpt-5,295,3179.522572
gemini-2.5-pro,295,3116.733827
grok-4,295,8386.124535
qwen3-max,295,13491.723714
deepseek-chat-v3.1,295,18137.547672
claude-sonnet-4-5,295,9575.501178
buynhold_btc,295,10325.9282
gpt-5,296,3143.363985
gemini-2.5-pro,296,3103.059089
grok-4,296,8460.307031
deepseek-chat-v3.1,296,18054.009368
qwen3-max,296,13697.362161
claude-sonnet-4-5,296,9583.113929
buynhold_btc,296,10418.82335
gpt-5,297,3200.868748
grok-4,297,8797.700051
gemini-2.5-pro,297,2945.651603
qwen3-max,297,13950.037485
deepseek-chat-v3.1,297,18531.960614
claude-sonnet-4-5,297,9618.984892
buynhold_btc,297,10382.8066
gpt-5,298,3194.613919
gemini-2.5-pro,298,3039.411095
grok-4,298,8514.189765
deepseek-chat-v3.1,298,18332.561222
qwen3-max,298,13716.776237
claude-sonnet-4-5,298,9587.495762
buynhold_btc,298,10315.6377
gpt-5,299,3079.3018
deepseek-chat-v3.1,299,17626.799922
grok-4,299,8073.013036
gemini-2.5-pro,299,3138.434711
qwen3-max,299,13372.217834
claude-sonnet-4-5,299,9479.527467
buynhold_btc,299,10307.68595
gpt-5,300,3061.580117
grok-4,300,8090.255512
gemini-2.5-pro,300,3120.878871
qwen3-max,300,13415.319778
deepseek-chat-v3.1,300,17580.981851
claude-sonnet-4-5,300,9447.289194
buynhold_btc,300,10296.27285
gpt-5,301,3042.857822
gemini-2.5-pro,301,3178.986639
grok-4,301,7901.510509
qwen3-max,301,13274.463743
deepseek-chat-v3.1,301,17320.511637
claude-sonnet-4-5,301,9431.159997
buynhold_btc,301,10197.5776
gpt-5,302,2748.733515
grok-4,302,7051.071249
gemini-2.5-pro,302,3450.386253
qwen3-max,302,12534.512405
deepseek-chat-v3.1,302,15929.150609
claude-sonnet-4-5,302,9364.330918
buynhold_btc,302,10071.75285
gpt-5,303,2831.969845
gemini-2.5-pro,303,3715.525241
grok-4,303,6643.479614
qwen3-max,303,12270.210097
deepseek-chat-v3.1,303,14915.029748
claude-sonnet-4-5,303,9218.214907
buynhold_btc,303,10117.96655
gpt-5,304,2764.196429
gemini-2.5-pro,304,3544.114774
grok-4,304,6883.083142
qwen3-max,304,12447.7039
deepseek-chat-v3.1,304,15325.724542
claude-sonnet-4-5,304,9178.975326
buynhold_btc,304,10068.01085
gpt-5,305,2863.025316
grok-4,305,6458.620426
gemini-2.5-pro,305,3810.486513
qwen3-max,305,12161.311092
deepseek-chat-v3.1,305,14478.302674
claude-sonnet-4-5,305,9174.704539
buynhold_btc,305,10122.1763
gpt-5,306,2801.64596
gemini-2.5-pro,306,3674.482433
grok-4,306,6494.479984
qwen3-max,306,12359.48577
deepseek-chat-v3.1,306,14227.853829
claude-sonnet-4-5,306,9036.70099
buynhold_btc,306,10016.839
gpt-5,307,2922.924384
gemini-2.5-pro,307,3833.548651
grok-4,307,6192.894996
qwen3-max,307,12105.771551
deepseek-chat-v3.1,307,14490.139816
claude-sonnet-4-5,307,8941.668714
buynhold_btc,307,10014.12605
gpt-5,308,3025.574219
gemini-2.5-pro,308,4069.152285
grok-4,308,5911.533067
qwen3-max,308,11828.430657
deepseek-chat-v3.1,308,13218.126649
claude-sonnet-4-5,308,8815.781949
buynhold_btc,308,9962.533225
gpt-5,309,3193.561929
gemini-2.5-pro,309,4222.543914
grok-4,309,5714.943255
qwen3-max,309,11715.731301
deepseek-chat-v3.1,309,12010.671732
claude-sonnet-4-5,309,8364.299587
buynhold_btc,309,10040.7878
grok-4,310,5813.587722
gpt-5,310,2913.98952
gemini-2.5-pro,310,3885.412906
qwen3-max,310,12091.066837
deepseek-chat-v3.1,310,12971.482926
claude-sonnet-4-5,310,8572.543193
buynhold_btc,310,10058.5623
gpt-5,311,2858.012626
gemini-2.5-pro,311,3824.07938
grok-4,311,5815.710673
qwen3-max,311,12249.260305
deepseek-chat-v3.1,311,13378.544873
claude-sonnet-4-5,311,8614.711032
buynhold_btc,311,10072.5948
gpt-5,312,2823.024461
gemini-2.5-pro,312,3738.218458
grok-4,312,5818.448489
deepseek-chat-v3.1,312,13428.417893
qwen3-max,312,12211.313767
claude-sonnet-4-5,312,8620.743419
buynhold_btc,312,10119.65045
gpt-5,313,2738.131617
gemini-2.5-pro,313,3594.141455
grok-4,313,5898.120179
qwen3-max,313,12501.385119
deepseek-chat-v3.1,313,14100.850402
claude-sonnet-4-5,313,8724.229871
buynhold_btc,313,10163.99315
gpt-5,314,2572.759668
gemini-2.5-pro,314,3394.145194
grok-4,314,6105.621298
deepseek-chat-v3.1,314,14336.86127
qwen3-max,314,12880.011322
claude-sonnet-4-5,314,8882.100059
buynhold_btc,314,10265.77555
gpt-5,315,2522.865147
gemini-2.5-pro,315,3282.326285
grok-4,315,6214.021969
deepseek-chat-v3.1,315,14621.611359
qwen3-max,315,13069.182875
claude-sonnet-4-5,315,8841.044545
buynhold_btc,315,10194.2098
gpt-5,316,2589.704076
gemini-2.5-pro,316,3485.750971
grok-4,316,6046.807068
deepseek-chat-v3.1,316,14135.154643
qwen3-max,316,12581.040048
claude-sonnet-4-5,316,8825.175199
buynhold_btc,316,10209.3649
gpt-5,317,2550.944761
gemini-2.5-pro,317,3383.353653
grok-4,317,6094.821948
qwen3-max,317,12795.584492
deepseek-chat-v3.1,317,14423.266806
claude-sonnet-4-5,317,8933.405497
buynhold_btc,317,10278.68545
gpt-5,318,2430.037547
gemini-2.5-pro,318,3157.388113
grok-4,318,6181.948906
qwen3-max,318,13189.482623
deepseek-chat-v3.1,318,14780.44253
claude-sonnet-4-5,318,8916.804266
buynhold_btc,318,10286.35655
gpt-5,319,2453.781651
gemini-2.5-pro,319,3243.436694
grok-4,319,6181.41351
qwen3-max,319,13252.98217
deepseek-chat-v3.1,319,14805.557736
claude-sonnet-4-5,319,8843.628592
buynhold_btc,319,10258.66575
gpt-5,320,2486.335762
grok-4,320,6141.38865
gemini-2.5-pro,320,3300.112085
qwen3-max,320,13097.003531
deepseek-chat-v3.1,320,14608.292467
claude-sonnet-4-5,320,8826.298794
buynhold_btc,320,10252.7721
grok-4,321,6061.66268
gpt-5,321,2487.390934
gemini-2.5-pro,321,3357.145845
deepseek-chat-v3.1,321,14665.206842
qwen3-max,321,13030.706389
claude-sonnet-4-5,321,8827.583982
buynhold_btc,321,10271.4821
gpt-5,322,2434.247482
grok-4,322,6222.378845
gemini-2.5-pro,322,3182.840389
deepseek-chat-v3.1,322,14968.912338
qwen3-max,322,13495.994682
claude-sonnet-4-5,322,8885.808221
buynhold_btc,322,10289.2566
gpt-5,323,2492.218341
grok-4,323,6182.277125
gemini-2.5-pro,323,3250.66542
qwen3-max,323,13245.024561
deepseek-chat-v3.1,323,14792.502741
claude-sonnet-4-5,323,8865.192793
buynhold_btc,323,10295.33735
gpt-5,324,2487.970075
deepseek-chat-v3.1,324,14590.741241
gemini-2.5-pro,324,3255.909577
grok-4,324,6259.804653
qwen3-max,324,13145.094646
claude-sonnet-4-5,324,8827.057781
buynhold_btc,324,10245.94295
gpt-5,325,2446.621416
grok-4,325,6341.980429
gemini-2.5-pro,325,3045.187925
deepseek-chat-v3.1,325,15088.070079
qwen3-max,325,13521.290269
claude-sonnet-4-5,325,8963.755998
buynhold_btc,325,10285.79525
gpt-5,326,2498.177916
gemini-2.5-pro,326,3276.700485
deepseek-chat-v3.1,326,14679.63751
grok-4,326,6239.956536
qwen3-max,326,13136.981667
claude-sonnet-4-5,326,8879.26599
buynhold_btc,326,10251.74305
gpt-5,327,2482.833964
gemini-2.5-pro,327,3136.304834
grok-4,327,6273.043565
qwen3-max,327,13334.409429
deepseek-chat-v3.1,327,14791.242378
claude-sonnet-4-5,327,8964.134951
buynhold_btc,327,10302.07295
gpt-5,328,2464.959412
gemini-2.5-pro,328,3042.796154
grok-4,328,6428.930845
deepseek-chat-v3.1,328,15044.602927
qwen3-max,328,13569.002501
claude-sonnet-4-5,328,8978.677365
buynhold_btc,328,10316.7603
gpt-5,329,2520.595112
gemini-2.5-pro,329,3071.31602
grok-4,329,6336.398177
qwen3-max,329,13354.609754
deepseek-chat-v3.1,329,14974.485089
claude-sonnet-4-5,329,8903.851685
buynhold_btc,329,10285.04685
gpt-5,330,2741.714259
gemini-2.5-pro,330,3439.393718
deepseek-chat-v3.1,330,14316.212335
grok-4,330,5980.684166
qwen3-max,330,12560.847192
claude-sonnet-4-5,330,8742.559168
buynhold_btc,330,10211.6101
gpt-5,331,2683.963512
grok-4,331,6157.203739
gemini-2.5-pro,331,3288.617346
qwen3-max,331,12889.851112
deepseek-chat-v3.1,331,14536.374653
claude-sonnet-4-5,331,8790.131088
buynhold_btc,331,10254.54955
grok-4,332,6201.879779
gpt-5,332,2604.03031
gemini-2.5-pro,332,3233.961887
qwen3-max,332,12843.613904
deepseek-chat-v3.1,332,14531.219527
claude-sonnet-4-5,332,8855.576792
buynhold_btc,332,10277.00155
gpt-5,333,2420.224094
gemini-2.5-pro,333,2980.075027
grok-4,333,6274.096224
qwen3-max,333,13095.323916
deepseek-chat-v3.1,333,14966.447717
claude-sonnet-4-5,333,9623.379968
buynhold_btc,333,10253.7076
gpt-5,334,2570.962696
gemini-2.5-pro,334,3150.413975
grok-4,334,6167.039364
qwen3-max,334,12969.436524
deepseek-chat-v3.1,334,14795.636257
claude-sonnet-4-5,334,9188.581219
buynhold_btc,334,10269.423999999999
gpt-5,335,2539.827957
gemini-2.5-pro,335,3135.38537
grok-4,335,6178.747827
deepseek-chat-v3.1,335,14816.678226
qwen3-max,335,13007.568512
claude-sonnet-4-5,335,9395.169374
buynhold_btc,335,10266.4304
gpt-5,336,2557.979873
gemini-2.5-pro,336,3159.55583
grok-4,336,6169.559137
qwen3-max,336,13017.970338
deepseek-chat-v3.1,336,14764.690064
claude-sonnet-4-5,336,9326.383759
buynhold_btc,336,10257.35605
gpt-5,337,2566.712668
grok-4,337,6196.734853
gemini-2.5-pro,337,3161.568346
qwen3-max,337,12970.552009
deepseek-chat-v3.1,337,14641.475391
claude-sonnet-4-5,337,9174.396445
buynhold_btc,337,10246.7849
gpt-5,338,2579.889151
gemini-2.5-pro,338,3179.267357
grok-4,338,6234.005618
qwen3-max,338,13181.552766
deepseek-chat-v3.1,338,14825.139496
claude-sonnet-4-5,338,9278.268855
buynhold_btc,338,10276.44025
gpt-5,339,2614.556704
gemini-2.5-pro,339,3218.914438
grok-4,339,6219.342533
deepseek-chat-v3.1,339,14567.265647
qwen3-max,339,13053.303478
claude-sonnet-4-5,339,8843.883623
buynhold_btc,339,10250.80755
gpt-5,340,2587.090265
grok-4,340,6247.868031
gemini-2.5-pro,340,3161.313526
deepseek-chat-v3.1,340,14644.740967
qwen3-max,340,13139.813799
claude-sonnet-4-5,340,9139.364378
buynhold_btc,340,10303.56975
gpt-5,341,2527.871945
gemini-2.5-pro,341,3079.165446
grok-4,341,6383.724837
qwen3-max,341,13476.480875
deepseek-chat-v3.1,341,14872.607741
claude-sonnet-4-5,341,9380.682257
buynhold_btc,341,10321.0636
gpt-5,342,2526.401203
gemini-2.5-pro,342,3062.34365
grok-4,342,6384.995046
qwen3-max,342,13405.457479
deepseek-chat-v3.1,342,14818.299433
claude-sonnet-4-5,342,9129.989721
buynhold_btc,342,10325.7411
gpt-5,343,2583.30287
gemini-2.5-pro,343,3145.977637
grok-4,343,6329.522779
qwen3-max,343,13353.315197
deepseek-chat-v3.1,343,14739.426431
claude-sonnet-4-5,343,8991.818954
buynhold_btc,343,10304.4117
gpt-5,344,2598.049762
grok-4,344,6301.580749
gemini-2.5-pro,344,3166.926791
deepseek-chat-v3.1,344,14638.635692
qwen3-max,344,13269.903918
claude-sonnet-4-5,344,8987.717055
buynhold_btc,344,10313.11185
gemini-2.5-pro,345,3133.952401
gpt-5,345,2579.573398
grok-4,345,6343.275163
deepseek-chat-v3.1,345,14633.482326
qwen3-max,345,13353.462145
claude-sonnet-4-5,345,8991.282786
buynhold_btc,345,10312.457
gpt-5,346,2528.384113
gemini-2.5-pro,346,3050.392173
grok-4,346,6376.441418
deepseek-chat-v3.1,346,14718.921751
qwen3-max,346,13390.999125
claude-sonnet-4-5,346,9143.301545
buynhold_btc,346,10299.45355
gpt-5,347,2570.524437
gemini-2.5-pro,347,3120.058143
grok-4,347,6304.464281
qwen3-max,347,13321.747942
deepseek-chat-v3.1,347,14692.806903
claude-sonnet-4-5,347,8925.785365
buynhold_btc,347,10298.14385
gpt-5,348,2546.763298
gemini-2.5-pro,348,3077.050518
grok-4,348,6357.613124
qwen3-max,348,13383.475601
deepseek-chat-v3.1,348,14752.830136
claude-sonnet-4-5,348,9182.733535
buynhold_btc,348,10296.7406
gpt-5,349,2555.669809
grok-4,349,6315.916574
gemini-2.5-pro,349,3090.69135
qwen3-max,349,13351.393363
deepseek-chat-v3.1,349,14745.129832
claude-sonnet-4-5,349,9192.218411
buynhold_btc,349,10307.12465
gemini-2.5-pro,350,3118.69248
gpt-5,350,2566.857767
grok-4,350,6265.20081
qwen3-max,350,13256.181988
deepseek-chat-v3.1,350,14665.775572
claude-sonnet-4-5,350,9120.974593
buynhold_btc,350,10288.8824
gpt-5,351,2612.945527
gemini-2.5-pro,351,3156.647261
grok-4,351,6273.27866
qwen3-max,351,13237.081137
deepseek-chat-v3.1,351,14559.402508
claude-sonnet-4-5,351,8743.373173
buynhold_btc,351,10285.5146
gpt-5,352,2635.990958
gemini-2.5-pro,352,3182.173391
grok-4,352,6241.644195
deepseek-chat-v3.1,352,14544.792592
qwen3-max,352,13220.930374
claude-sonnet-4-5,352,9258.406618
buynhold_btc,352,10300.76325
gpt-5,353,2525.582376
gemini-2.5-pro,353,3033.704235
grok-4,353,6346.065155
qwen3-max,353,13421.897
deepseek-chat-v3.1,353,14880.615963
claude-sonnet-4-5,353,9178.360763
buynhold_btc,353,10331.5412
gpt-5,354,2489.233452
grok-4,354,6391.189743
gemini-2.5-pro,354,3003.768185
qwen3-max,354,13483.622328
deepseek-chat-v3.1,354,14829.317253
claude-sonnet-4-5,354,9069.045434
buynhold_btc,354,10326.4895
gpt-5,355,2584.767882
gemini-2.5-pro,355,3126.736435
grok-4,355,6358.507863
deepseek-chat-v3.1,355,14721.226605
qwen3-max,355,13401.389537
claude-sonnet-4-5,355,8854.773497
buynhold_btc,355,10318.91195
gpt-5,356,2532.764264
grok-4,356,6376.676183
gemini-2.5-pro,356,3063.516947
qwen3-max,356,13406.475795
deepseek-chat-v3.1,356,14745.251265
claude-sonnet-4-5,356,8973.791212
buynhold_btc,356,10318.53775
gpt-5,357,2522.183515
gemini-2.5-pro,357,3053.607528
grok-4,357,6362.62849
qwen3-max,357,13446.372333
deepseek-chat-v3.1,357,14821.356132
claude-sonnet-4-5,357,9203.666583
buynhold_btc,357,10340.522
gpt-5,358,2495.30334
gemini-2.5-pro,358,3031.040098
grok-4,358,6400.929866
deepseek-chat-v3.1,358,14875.781497
qwen3-max,358,13508.688089
claude-sonnet-4-5,358,9151.784534
buynhold_btc,358,10315.2635
gpt-5,359,2583.501325
grok-4,359,6250.622999
gemini-2.5-pro,359,3147.341782
qwen3-max,359,13240.60785
deepseek-chat-v3.1,359,14640.487936
claude-sonnet-4-5,359,8940.07656
buynhold_btc,359,10299.82775
grok-4,360,6293.963259
gpt-5,360,2537.9325
deepseek-chat-v3.1,360,14797.730269
gemini-2.5-pro,360,3092.212679
qwen3-max,360,13287.585915
claude-sonnet-4-5,360,9076.107481
buynhold_btc,360,10296.27285
gpt-5,361,2513.406236
grok-4,361,6310.1949
gemini-2.5-pro,361,3083.557149
qwen3-max,361,13287.363965
deepseek-chat-v3.1,361,14716.077215
claude-sonnet-4-5,361,8954.906928
buynhold_btc,361,10294.4954
gpt-5,362,2591.535004
gemini-2.5-pro,362,3142.415299
grok-4,362,6297.016252
qwen3-max,362,13259.412937
deepseek-chat-v3.1,362,14658.876091
claude-sonnet-4-5,362,8751.588129
buynhold_btc,362,10302.7278
gpt-5,363,2603.501908
grok-4,363,6257.122811
gemini-2.5-pro,363,3172.063542
deepseek-chat-v3.1,363,14668.299792
qwen3-max,363,13213.76185
claude-sonnet-4-5,363,8861.995915
buynhold_btc,363,10308.715
gpt-5,364,2555.683047
grok-4,364,6305.35475
gemini-2.5-pro,364,3098.16163
qwen3-max,364,13270.180357
deepseek-chat-v3.1,364,14745.902304
claude-sonnet-4-5,364,8870.633763
buynhold_btc,364,10294.1212
gpt-5,365,2572.839227
gemini-2.5-pro,365,3113.898125
grok-4,365,6303.69757
qwen3-max,365,13271.728739
deepseek-chat-v3.1,365,14736.255256
claude-sonnet-4-5,365,8998.861018
buynhold_btc,365,10312.73765
gpt-5,366,2396.769731
grok-4,366,6451.52213
gemini-2.5-pro,366,2920.32057
qwen3-max,366,13619.602563
deepseek-chat-v3.1,366,15104.54051
claude-sonnet-4-5,366,9443.589682
buynhold_btc,366,10323.542675
gpt-5,367,2445.942476
gemini-2.5-pro,367,2973.217926
grok-4,367,6432.98632
deepseek-chat-v3.1,367,14989.626794
qwen3-max,367,13523.207552
claude-sonnet-4-5,367,9319.967066
buynhold_btc,367,10328.9218
gpt-5,368,2424.953962
grok-4,368,6461.275041
gemini-2.5-pro,368,2929.35017
qwen3-max,368,13619.151428
deepseek-chat-v3.1,368,15016.404567
claude-sonnet-4-5,368,9348.798295
buynhold_btc,368,10353.71255
gpt-5,369,2380.764321
gemini-2.5-pro,369,2863.069306
grok-4,369,6551.92712
qwen3-max,369,13820.11357
deepseek-chat-v3.1,369,15199.601686
claude-sonnet-4-5,369,9548.724302
buynhold_btc,369,10370.458
gpt-5,370,2447.677595
grok-4,370,6512.72521
gemini-2.5-pro,370,2894.80046
deepseek-chat-v3.1,370,15106.362178
qwen3-max,370,13790.976059
claude-sonnet-4-5,370,9439.874356
buynhold_btc,370,10367.978925
gpt-5,371,2525.737778
grok-4,371,6502.903931
gemini-2.5-pro,371,2976.317927
deepseek-chat-v3.1,371,14875.388553
qwen3-max,371,13708.149595
claude-sonnet-4-5,371,8985.285227
buynhold_btc,371,10330.6057
gpt-5,372,2598.527967
gemini-2.5-pro,372,3049.160593
grok-4,372,6454.433006
deepseek-chat-v3.1,372,14753.384652
qwen3-max,372,13621.194717
claude-sonnet-4-5,372,8823.394776
buynhold_btc,372,10377.7549
gpt-5,373,2456.745915
gemini-2.5-pro,373,2882.374273
grok-4,373,6659.166943
deepseek-chat-v3.1,373,14995.668345
qwen3-max,373,13923.634699
claude-sonnet-4-5,373,9108.400929
buynhold_btc,373,10369.80315
gpt-5,374,2513.60866
grok-4,374,6547.725673
gemini-2.5-pro,374,2906.362672
deepseek-chat-v3.1,374,14876.49815
qwen3-max,374,13688.588021
claude-sonnet-4-5,374,8825.710539
buynhold_btc,374,10325.1798
gpt-5,375,2581.591581
gemini-2.5-pro,375,2867.819679
grok-4,375,6450.812899
qwen3-max,375,13579.212582
deepseek-chat-v3.1,375,14808.880981
claude-sonnet-4-5,375,8866.034051
buynhold_btc,375,10329.1089
gpt-5,376,2659.970154
deepseek-chat-v3.1,376,14736.258425
gemini-2.5-pro,376,2950.279505
grok-4,376,6398.358931
qwen3-max,376,13430.30822
claude-sonnet-4-5,376,8565.928867
buynhold_btc,376,10344.73175
gpt-5,377,2689.570146
gemini-2.5-pro,377,3007.230857
grok-4,377,6303.926741
qwen3-max,377,13190.546108
deepseek-chat-v3.1,377,14505.132397
claude-sonnet-4-5,377,8330.715953
buynhold_btc,377,10294.77605
gpt-5,378,2666.297293
gemini-2.5-pro,378,2967.581676
grok-4,378,6297.113739
deepseek-chat-v3.1,378,14657.704193
qwen3-max,378,13298.88401
claude-sonnet-4-5,378,8147.222408
buynhold_btc,378,10297.489
gpt-5,379,2674.995557
grok-4,379,6323.39685
gemini-2.5-pro,379,2969.055344
qwen3-max,379,13332.881359
deepseek-chat-v3.1,379,14624.119033
claude-sonnet-4-5,379,8149.675034
buynhold_btc,379,10310.3989
gpt-5,380,2683.43019
gemini-2.5-pro,380,2962.362526
grok-4,380,6331.585912
qwen3-max,380,13407.587668
deepseek-chat-v3.1,380,14636.513043
claude-sonnet-4-5,380,8144.823394
buynhold_btc,380,10293.747
gpt-5,381,2722.00249
gemini-2.5-pro,381,3003.214641
grok-4,381,6280.999817
qwen3-max,381,13302.935121
deepseek-chat-v3.1,381,14614.63471
claude-sonnet-4-5,381,8130.513242
buynhold_btc,381,10299.07935
gpt-5,382,2686.218847
gemini-2.5-pro,382,2979.352581
grok-4,382,6263.832756
deepseek-chat-v3.1,382,14762.398139
qwen3-max,382,13296.81323
claude-sonnet-4-5,382,8145.379715
buynhold_btc,382,10297.58255
gpt-5,383,2620.281687
gemini-2.5-pro,383,2950.212781
grok-4,383,6254.510034
deepseek-chat-v3.1,383,14756.264905
qwen3-max,383,13212.22201
claude-sonnet-4-5,383,8151.484202
buynhold_btc,383,10251.8366
gpt-5,384,2691.256486
grok-4,384,6226.700124
gemini-2.5-pro,384,2951.754564
qwen3-max,384,13363.631498
deepseek-chat-v3.1,384,14829.381502
claude-sonnet-4-5,384,8206.566234
buynhold_btc,384,10321.765225
gemini-2.5-pro,385,2757.180194
gpt-5,385,2431.260158
grok-4,385,6396.287136
qwen3-max,385,13533.326222
deepseek-chat-v3.1,385,15152.949057
claude-sonnet-4-5,385,8328.747165
buynhold_btc,385,10322.9346
gemini-2.5-pro,386,2952.942834
gpt-5,386,2621.396806
grok-4,386,6129.279255
qwen3-max,386,12911.83672
deepseek-chat-v3.1,386,14761.104965
claude-sonnet-4-5,386,8054.055965
buynhold_btc,386,10257.8238
gpt-5,387,2697.964666
grok-4,387,6162.887625
gemini-2.5-pro,387,3025.567588
deepseek-chat-v3.1,387,14490.345156
qwen3-max,387,13011.917786
claude-sonnet-4-5,387,7915.919918
buynhold_btc,387,10196.0808
gpt-5,388,2909.907098
grok-4,388,5991.096441
gemini-2.5-pro,388,3236.543563
deepseek-chat-v3.1,388,13921.929829
qwen3-max,388,12699.59369
claude-sonnet-4-5,388,7637.814663
buynhold_btc,388,10133.5894
gpt-5,389,3240.261581
gemini-2.5-pro,389,3641.565557
grok-4,389,5707.604598
qwen3-max,389,12031.478293
deepseek-chat-v3.1,389,12922.703486
claude-sonnet-4-5,389,7162.697446
buynhold_btc,389,10093.7371
gpt-5,390,3221.182143
gemini-2.5-pro,390,3583.831027
grok-4,390,5726.107012
qwen3-max,390,11872.371612
deepseek-chat-v3.1,390,13079.085805
claude-sonnet-4-5,390,7375.501502
buynhold_btc,390,10078.7691
gpt-5,391,3238.861349
gemini-2.5-pro,391,3689.648926
grok-4,391,5622.210732
deepseek-chat-v3.1,391,12892.56631
qwen3-max,391,11842.523653
claude-sonnet-4-5,391,7102.558126
buynhold_btc,391,10056.97195
gpt-5,392,3271.779318
gemini-2.5-pro,392,3775.584843
grok-4,392,5540.546549
deepseek-chat-v3.1,392,12359.52401
qwen3-max,392,11813.885849
claude-sonnet-4-5,392,6924.28006
buynhold_btc,392,10064.7366
gpt-5,393,3297.33907
grok-4,393,5575.927607
gemini-2.5-pro,393,3767.751255
deepseek-chat-v3.1,393,12348.087988
qwen3-max,393,11823.858064
claude-sonnet-4-5,393,6959.44252
buynhold_btc,393,10024.41655
gpt-5,394,3292.909087
grok-4,394,5652.6004
gemini-2.5-pro,394,3760.211441
qwen3-max,394,11849.120124
deepseek-chat-v3.1,394,12366.821012
claude-sonnet-4-5,394,7068.291899
buynhold_btc,394,10035.7361
gpt-5,395,3322.3827
grok-4,395,5547.9051
gemini-2.5-pro,395,3856.159501
deepseek-chat-v3.1,395,12180.089549
qwen3-max,395,11804.312715
claude-sonnet-4-5,395,6942.457696
buynhold_btc,395,10046.68145
gpt-5,396,3340.456164
gemini-2.5-pro,396,3987.221711
grok-4,396,5539.308556
qwen3-max,396,11790.745656
deepseek-chat-v3.1,396,12104.901836
claude-sonnet-4-5,396,6805.18903
buynhold_btc,396,10076.711
gpt-5,397,3290.467382
gemini-2.5-pro,397,3780.385304
deepseek-chat-v3.1,397,12130.038889
grok-4,397,5733.883262
qwen3-max,397,11859.457448
claude-sonnet-4-5,397,6861.693875
buynhold_btc,397,10100.2856
gpt-5,398,3292.267522
gemini-2.5-pro,398,3790.574022
grok-4,398,5726.387214
deepseek-chat-v3.1,398,12111.228093
qwen3-max,398,11854.689266
claude-sonnet-4-5,398,6838.638751
buynhold_btc,398,10104.12115
gpt-5,399,3254.917769
grok-4,399,5788.587616
gemini-2.5-pro,399,3697.541543
qwen3-max,399,11879.950896
deepseek-chat-v3.1,399,12286.611251
claude-sonnet-4-5,399,6890.203404
buynhold_btc,399,10081.29495
gpt-5,400,3203.221575
gemini-2.5-pro,400,3634.089508
grok-4,400,5780.602612
deepseek-chat-v3.1,400,12240.495241
qwen3-max,400,11870.342336
claude-sonnet-4-5,400,6839.977833
buynhold_btc,400,9955.00245
gpt-5,401,3866.28141
grok-4,401,5178.514377
gemini-2.5-pro,401,4469.894698
qwen3-max,401,11577.974371
deepseek-chat-v3.1,401,10259.457318
claude-sonnet-4-5,401,6344.88746
buynhold_btc,401,9959.30575
gpt-5,402,3560.26447
gemini-2.5-pro,402,3971.79552
grok-4,402,5654.53152
deepseek-chat-v3.1,402,10488.853877
qwen3-max,402,12102.491002
claude-sonnet-4-5,402,6689.37209
buynhold_btc,402,10063.0527
gpt-5,403,3370.806894
gemini-2.5-pro,403,3611.85339
grok-4,403,6174.976248
qwen3-max,403,12507.102064
deepseek-chat-v3.1,403,10784.545849
claude-sonnet-4-5,403,6954.549136
buynhold_btc,403,10029.09405
gpt-5,404,3545.544621
grok-4,404,5699.125748
gemini-2.5-pro,404,3996.344863
qwen3-max,404,12163.716742
deepseek-chat-v3.1,404,10574.888036
claude-sonnet-4-5,404,6669.827196
buynhold_btc,404,10042.00395
gpt-5,405,3644.737582
gemini-2.5-pro,405,4160.691593
grok-4,405,5590.756666
qwen3-max,405,12333.480526
deepseek-chat-v3.1,405,10686.182606
claude-sonnet-4-5,405,6717.519629
buynhold_btc,405,9995.04185
gpt-5,406,3896.534579
grok-4,406,5226.236257
gemini-2.5-pro,406,4485.141732
qwen3-max,406,12287.647253
deepseek-chat-v3.1,406,10476.044666
claude-sonnet-4-5,406,6740.089806
buynhold_btc,406,9996.53865
grok-4,407,5456.861427
deepseek-chat-v3.1,407,10452.588066
claude-sonnet-4-5,407,6890.480827
buynhold_btc,407,9994.29345
gemini-2.5-pro,407,4375.992882
qwen3-max,407,12201.847253
gpt-5,407,3734.381971
grok-4,407,5455.549358
